{"1kv6jppI1ZdoJgzVXpip7x8JuDT2":{"DOB":"2020-07-23","Enrollment_Number":"123raj","area":"jaipurvbbs","city":"jaipur","designation":"Senior Advocate","email":"pusshpajosshi@gmail.com","gender":"Female"},"BKr8sYt8tPOgFxCvYlsy2AKul9z2":{"Enrollment_Number":"122777","address":"12 shsgs ","category":"Lawyer","city":"bhopal","designation":"Junior Advocate","email":"Ankur. jain@gmail.com","first_name":"Ankur","gender":"Male","last_name":" jain","orders":{"2020_6_24":{"20_52":{"status":"Confirmed"}}},"state":"Rajasthan"},"BsVO5pU3ctbEpuQtalGm72feXQy1":{"first_name":"Shubham","last_name":"Shah","orders":{"2020_5_23":{"15_12":{"status":"Confirmed"}},"2020_6_24":{"10_15":{"status":"Confirmed"},"10_28":{"status":"Confirmed"},"14_57":{"status":"Confirmed"}}}},"CvVr70bfuHbZIu4Hzwj8spirVR43":{"Enrollment_Number":"235598","address":"gff","category":"Lawyer","city":"Jaipur","designation":"Junior Advocate","email":"surendra80333@gmail.com","first_name":"Surendra","gender":"Male","last_name":" Sharma","state":"Rajasthan"},"D9QLUPHCSGWfjtHXiffBB05tWbA2":{"DOB":"1-Jan-1950","Enrollment_Number":"516998782063","address":"62B, Keshavdas 10 Marg, Janta Market, Tripolia Bazar, Kanwar Nagar, Jaipur, Rajasthan 302002, India","cart":{"File 01594824031893":{"copies":"1","credits":"1.01","credits_per_page":"1","gsm":"70 GSM","imagesPaths":"https:\/\/firebasestorage.googleapis.com\/v0\/b\/lawnicstech-f06bc.appspot.com\/o\/D9QLUPHCSGWfjtHXiffBB05tWbA2%2FFile%2001594824031893_0.jpg?alt=media&token=6b1d3aeb-34ea-4aa7-9aeb-9572fa4f4f0a&&girish","imagesPathsLocal":"\/storage\/emulated\/0\/Android\/data\/com.lawnics.tech\/files\/File 0_0.jpg&&girish","pages":1,"paper_color":"White paper","service_charge":"0.01","status":"pending"}},"city":"Jaipur","designation":"non lawyer","email":"something@gmail.com","first_name":"Raj","gender":"male","id0":"https:\/\/firebasestorage.googleapis.com\/v0\/b\/lawnicstech-f06bc.appspot.com\/o\/D9QLUPHCSGWfjtHXiffBB05tWbA2%2FID0.jpg?alt=media&token=da203a22-dd91-4aa2-b2ef-fbf5f3f31d1e","id1":"https:\/\/firebasestorage.googleapis.com\/v0\/b\/lawnicstech-f06bc.appspot.com\/o\/D9QLUPHCSGWfjtHXiffBB05tWbA2%2FID1.jpg?alt=media&token=72a2bbbc-f890-4abc-8820-15f2708fba4b","last_name":" Chandani","orders":{"2020_6_15":{"20_10":{"6cc063fb931f":{"File 01594824031893":{"area":"Banipark","city":"Jaipur","copies":"1","credits":"1.01","credits_per_page":"1","file":"https:\/\/firebasestorage.googleapis.com\/v0\/b\/lawnicstech-f06bc.appspot.com\/o\/D9QLUPHCSGWfjtHXiffBB05tWbA2%2Forder0.pdf?alt=media&token=8bebceeb-3d61-4d0d-9eb5-bb5e02aed757","filename":"File 01594824031893","gsm":"70 GSM","image":"https:\/\/firebasestorage.googleapis.com\/v0\/b\/lawnicstech-f06bc.appspot.com\/o\/D9QLUPHCSGWfjtHXiffBB05tWbA2%2FFile%2001594824031893_0.jpg?alt=media&token=6b1d3aeb-34ea-4aa7-9aeb-9572fa4f4f0a","imagesPaths":"https:\/\/firebasestorage.googleapis.com\/v0\/b\/lawnicstech-f06bc.appspot.com\/o\/D9QLUPHCSGWfjtHXiffBB05tWbA2%2FFile%2001594824031893_0.jpg?alt=media&token=6b1d3aeb-34ea-4aa7-9aeb-9572fa4f4f0a&&girish","imagesPathsLocal":"\/storage\/emulated\/0\/Android\/data\/com.lawnics.tech\/files\/File 0_0.jpg&&girish","orientation":"Portrait","pages":"1","paper_color":"White paper","paper_side":"Single side","paper_size":"A4 size paper","print_color":"Black & White","service_charge":"0.01","status":"Under process"},"code":"null","confirmation_date_time":"null","order_type":"Quick Print","pick_up_date_time":"null","printing_date_time":"null","printing_partner_location":"26.784534,75.82253","printing_partner_name":"Shubham Shah","printing_partner_phone":"8160988146","printing_partner_uid":"lb23C0StFUPP00srL9u8rDEK0jJ3","reported":"no","status":"pending","total_creds":"1.01"}}},"2020_6_16":{"0_38":{"8ab0cfb4e58e":{"File 01594824031893":{"area":"Banipark","city":"Jaipur","copies":"1","credits":"1.01","credits_per_page":"1","file":"https:\/\/firebasestorage.googleapis.com\/v0\/b\/lawnicstech-f06bc.appspot.com\/o\/D9QLUPHCSGWfjtHXiffBB05tWbA2%2Forder0.pdf?alt=media&token=cfca50e2-ff6d-462e-8fa9-f1cbf42e967a","filename":"File 01594824031893","gsm":"70 GSM","image":"https:\/\/firebasestorage.googleapis.com\/v0\/b\/lawnicstech-f06bc.appspot.com\/o\/D9QLUPHCSGWfjtHXiffBB05tWbA2%2FFile%2001594824031893_0.jpg?alt=media&token=6b1d3aeb-34ea-4aa7-9aeb-9572fa4f4f0a","imagesPaths":"https:\/\/firebasestorage.googleapis.com\/v0\/b\/lawnicstech-f06bc.appspot.com\/o\/D9QLUPHCSGWfjtHXiffBB05tWbA2%2FFile%2001594824031893_0.jpg?alt=media&token=6b1d3aeb-34ea-4aa7-9aeb-9572fa4f4f0a&&girish","imagesPathsLocal":"\/storage\/emulated\/0\/Android\/data\/com.lawnics.tech\/files\/File 0_0.jpg&&girish","orientation":"Portrait","pages":"1","paper_color":"White paper","paper_side":"Single side","paper_size":"A4 size paper","print_color":"Black & White","service_charge":"0.01","status":"Under process"},"code":"null","confirmation_date_time":"null","order_type":"Quick Print","pick_up_date_time":"null","printing_date_time":"null","printing_partner_location":"26.784534,75.82253","printing_partner_name":"Shubham Shah","printing_partner_phone":"8160988146","printing_partner_uid":"lb23C0StFUPP00srL9u8rDEK0jJ3","reported":"no","status":"Confirmed","total_creds":"1"}}}},"profile":"https:\/\/firebasestorage.googleapis.com\/v0\/b\/lawnicstech-f06bc.appspot.com\/o\/D9QLUPHCSGWfjtHXiffBB05tWbA2%2Fprofile.jpg?alt=media&token=30794e0d-14cc-4ccb-b314-01086bf021a3","state":"Rajasthan","transactions":{"2020_6_15":{"20_9_32":{"added_credits":"500","added_money":"100","current_credits":"500","status":"success"}},"2020_6_16":{"0_38":{"current_credits":"480","order_id":"8ab0cfb4e58e"}},"2020_6_17":{"22_59_9":{"added_credits":"50","added_money":"0","current_credits":530,"status":"success"}},"total_credits":530},"type":"DKTV"},"EhsUJEhrrMRyjCDNS2Vv3hXAnZR2":{"DOB":"1-Jan-1950","Enrollment_Number":"R\/410\/2016","address":"raghushree ","backup":{"2020-6-13_13:28:18":{"File 0":{"images":{"File 0_0":"https:\/\/firebasestorage.googleapis.com\/v0\/b\/lawnicstech-f06bc.appspot.com\/o\/EhsUJEhrrMRyjCDNS2Vv3hXAnZR2%2FFile%200%2Ffiltered%2FFile%200_0.jpg?alt=media&token=d715994c-4171-4beb-b05f-440e439eb7b9&&girish\/storage\/emulated\/0\/Android\/data\/com.lawnics.tech\/files\/IMG_1594627042304.jpg"},"tags":"Business,A4,"}}},"cart":{"File 01594751502125":{"copies":"1","credits":"1.01","credits_per_page":"1","gsm":"70 GSM","imagesPaths":"https:\/\/firebasestorage.googleapis.com\/v0\/b\/lawnicstech-f06bc.appspot.com\/o\/EhsUJEhrrMRyjCDNS2Vv3hXAnZR2%2FFile%2001594751502125_0.jpg?alt=media&token=f352f3fe-7431-42ec-98ef-bcdeec4f90ff&&girish","imagesPathsLocal":"\/storage\/emulated\/0\/Android\/data\/com.lawnics.tech\/files\/File 0_0.jpg&&girish","pages":1,"paper_color":"White paper","service_charge":"0.01","status":"pending"}},"city":"Jaipur ","designation":"lawyer","email":"something @gmail. com","first_name":"SHUBHAM","gender":"male","id0":"https:\/\/firebasestorage.googleapis.com\/v0\/b\/lawnicstech-f06bc.appspot.com\/o\/EhsUJEhrrMRyjCDNS2Vv3hXAnZR2%2FID0.jpg?alt=media&token=7a869d99-18ad-45b8-a57e-d9d1945753e1","last_name":"  JOSHI","orders":{"2020_6_15":{"0_2":{"c3c038ddf1da":{"File 01594751502125":{"area":"Banipark","city":"Jaipur","copies":"1","credits":"1.01","credits_per_page":"1","file":"https:\/\/firebasestorage.googleapis.com\/v0\/b\/lawnicstech-f06bc.appspot.com\/o\/EhsUJEhrrMRyjCDNS2Vv3hXAnZR2%2Forder0.pdf?alt=media&token=7158a132-2033-4994-98ff-3e9382e7d649","filename":"File 01594751502125","gsm":"70 GSM","image":"https:\/\/firebasestorage.googleapis.com\/v0\/b\/lawnicstech-f06bc.appspot.com\/o\/EhsUJEhrrMRyjCDNS2Vv3hXAnZR2%2FFile%2001594751502125_0.jpg?alt=media&token=f352f3fe-7431-42ec-98ef-bcdeec4f90ff","imagesPaths":"https:\/\/firebasestorage.googleapis.com\/v0\/b\/lawnicstech-f06bc.appspot.com\/o\/EhsUJEhrrMRyjCDNS2Vv3hXAnZR2%2FFile%2001594751502125_0.jpg?alt=media&token=f352f3fe-7431-42ec-98ef-bcdeec4f90ff&&girish","imagesPathsLocal":"\/storage\/emulated\/0\/Android\/data\/com.lawnics.tech\/files\/File 0_0.jpg&&girish","orientation":"Portrait","pages":"1","paper_color":"White paper","paper_side":"Single side","paper_size":"A4 size paper","service_charge":"0.01","status":"Under process"},"code":"null","confirmation_date_time":"null","order_type":"Quick Print","pick_up_date_time":"null","printing_date_time":"null","printing_partner_location":"26.784534,75.82253","printing_partner_name":"Shubham Shah","printing_partner_phone":"8160988146","printing_partner_uid":"lb23C0StFUPP00srL9u8rDEK0jJ3","reported":"no","status":"Rejected","total_creds":"1.01"}}},"2020_6_9":{"21_45":{"3bee064093d7":{"File 01594302267589":{"area":"Banipark","city":"Jaipur","copies":"1","credits":"1.01","credits_per_page":"1","file":"https:\/\/firebasestorage.googleapis.com\/v0\/b\/lawnicstech-f06bc.appspot.com\/o\/EhsUJEhrrMRyjCDNS2Vv3hXAnZR2%2Forder0.pdf.jpg?alt=media&token=7aa7827a-f6d9-4dfb-a7b4-a5870266bf2a","filename":"File 01594302267589","gsm":"70 GSM","image":"https:\/\/firebasestorage.googleapis.com\/v0\/b\/lawnicstech-f06bc.appspot.com\/o\/EhsUJEhrrMRyjCDNS2Vv3hXAnZR2%2FFile%2001594302267589_0.jpg?alt=media&token=f57ee382-c3f6-4e60-826a-6d7f834c1bba","imagesPaths":"https:\/\/firebasestorage.googleapis.com\/v0\/b\/lawnicstech-f06bc.appspot.com\/o\/EhsUJEhrrMRyjCDNS2Vv3hXAnZR2%2FFile%2001594302267589_0.jpg?alt=media&token=f57ee382-c3f6-4e60-826a-6d7f834c1bba&&girish","imagesPathsLocal":"\/storage\/emulated\/0\/Android\/data\/com.lawnics.tech\/files\/File 0_0.jpg&&girish","orientation":"Portrait","pages":"1","paper_color":"White paper","paper_side":"Single side","paper_size":"A4 size paper","service_charge":"0.01","status":"Under process"},"code":"null","confirmation_date_time":"null","order_type":"Quick Print","pick_up_date_time":"null","printing_date_time":"null","printing_partner_location":"26.784534,75.82253","printing_partner_name":"Shubham Shah","printing_partner_phone":"8160988146","printing_partner_uid":"lb23C0StFUPP00srL9u8rDEK0jJ3","reported":"no","status":"Confirmed","total_creds":"1.01"}}}},"profile":"https:\/\/firebasestorage.googleapis.com\/v0\/b\/lawnicstech-f06bc.appspot.com\/o\/EhsUJEhrrMRyjCDNS2Vv3hXAnZR2%2Fprofile.jpg?alt=media&token=134fbb15-ebd2-4dfe-8fc3-43f08530fd2c","transactions":{"2020_5_28":{"0_55_20":{"added_credits":"500","added_money":"100","current_credits":"500","status":"success"}},"2020_6_15":{"0_30_29":{"Storage":{"amount":"100","memory":"100","name":"BASIC STORAGE","status":"Storage Success"}}},"total_credits":"400"}},"JC9EmQlmG7QXGrFCbjOx01v6Zyn2":{"DOB":"4-12-1998","Enrollment_Number":"516998782063","address":"somewhere ","category":"Other","city":"jaipur","designation":"something ","email":"something ","first_name":"Girish","gender":"male","last_name":"Thakwani","orders":{"2020_5_22":{"19_22":{"File 01592833743604":{"credits":"2","file":"https:\/\/firebasestorage.googleapis.com\/v0\/b\/lawnicstech-f06bc.appspot.com\/o\/JC9EmQlmG7QXGrFCbjOx01v6Zyn2%2Forder0.pdf.pdf?alt=media&token=4f39fccf-c6ca-4a7a-8ceb-935838f2a0d7","gsm":"120 GSM","image":"\/storage\/emulated\/0\/Android\/data\/com.lawnics.tech\/files\/File 0_0.jpg","pages":"1","paper_color":"Green Paper","status":"Under process"},"status":"confirmed"}}},"state":"Rajasthan","transactions":{"2020_5_22":{"16_42_24":{"added_credits":"500","added_money":"100","current_credits":"500","status":"success"}},"total_credits":"500"}},"MJEnaRb8hFbdPvskkzjzMRMec9l2":{"DOB":"05\/03\/2020","Enrollment_Number":"R\/01\/2019","address":"raghushree","category":"Lawyer","city":"Jaipur","designation":"Senior Advocate","email":"guptanaman.gupta1@gmail.com","first_name":"Naman","gender":"Male","last_name":" Gupta","state":"Rajasthan","transactions":{"2020_2_12":{"21_51_34":{"added_credits":"500","added_money":"100","current_credits":"0","status":"failed"}},"2020_2_2":{"20_2_46":{"added_credits":"500","added_money":"100","current_credits":"0","status":"failed"}},"2020_6_1":{"16_10_11":{"added_credits":"500","added_money":"100","current_credits":"0","status":"failed"}},"total_credits":"0"}},"NKT6quwCYcXU1aH4huFebv1s41g2":{"DOB":"7\/2\/1950","Enrollment_Number":"R\/455\/1991","address":"6ydgs","category":"Lawyer","city":"Jaipur","designation":"Junior Advocate","email":"sushilljoshi1960@gmail.com","first_name":"Sushil","gender":"Male","last_name":"Joshi","state":"Rajasthan","transactions":{"2020_5_7":{"14_8_43":{"added_credits":"500","added_money":"100","current_credits":"500","status":"success"}},"total_credits":"500"}},"Wjav6JNfjzgGwNb1TuJjPmbecIv1":{"DOB":"23-Aug-1991","Enrollment_Number":"RI410\/2016","address":"Muhana Rd, Kankha Ki Dhani, Mahasinghpura at Keshyawala, Rajasthan 302029, India","city":"Jaipur","designation":"lawyer","email":"sshubhamjoshi9@gmail.com","first_name":"SHUBHAM","gender":"male","id0":"https:\/\/firebasestorage.googleapis.com\/v0\/b\/lawnicstech-f06bc.appspot.com\/o\/Wjav6JNfjzgGwNb1TuJjPmbecIv1%2FID0.jpg?alt=media&token=af9468dd-4831-40f4-8aac-cdb47721febe","last_name":"JOSHI","profile":"https:\/\/firebasestorage.googleapis.com\/v0\/b\/lawnicstech-f06bc.appspot.com\/o\/Wjav6JNfjzgGwNb1TuJjPmbecIv1%2Fprofile.jpg?alt=media&token=e68fa7bc-f6cf-41ae-9e83-72532de85485","state":"Rajasthan","transactions":{"2020_6_17":{"16_27_31":{"added_credits":"500","added_money":"100","current_credits":"500","status":"success"},"16_27_57":{"Subscription":{"amount":"100","name":"BASIC SUBSCRIPTION","status":"Subscription Success","validity":"This offer..."}}},"total_credits":"400"},"type":"Advocate"},"X8vG0xKENUZ33nwAYwCa0d16Bzb2":{"transactions":{"2020_6_22":{"14_37_38":{"added_credits":"500","added_money":"100","current_credits":"0","status":"failed"}},"total_credits":"0"}},"j6FJLPRhvJZ9XERgiu9m6w9mL173":{"DOB":"6\/5\/1995","Enrollment_Number":"123B355","address":"Sanganer","cart":{"File 01589356293162":{"credits":"300","file":"https:\/\/firebasestorage.googleapis.com\/v0\/b\/lawnicstech-f06bc.appspot.com\/o\/j6FJLPRhvJZ9XERgiu9m6w9mL173%2FFile%2001589356293162.pdf?alt=media&token=a4a74818-9406-4870-904b-3ea98326e0b0","gsm":"70gsm","image":"https:\/\/firebasestorage.googleapis.com\/v0\/b\/lawnicstech-f06bc.appspot.com\/o\/j6FJLPRhvJZ9XERgiu9m6w9mL173%2FFile%2001589356293162.jpeg?alt=media&token=61dbd56a-ab3b-496c-a70a-df3e35992d65","pages":6,"paper_color":"green_paper","status":"pushed"},"File 11588534281262":{"credits":"100","file":"https:\/\/firebasestorage.googleapis.com\/v0\/b\/lawnicstech-f06bc.appspot.com\/o\/j6FJLPRhvJZ9XERgiu9m6w9mL173%2FFile%2011588534281262.pdf?alt=media&token=7a65ad4a-8b8c-4330-8daa-6b5202238fea","gsm":"70gsm","image":"https:\/\/firebasestorage.googleapis.com\/v0\/b\/lawnicstech-f06bc.appspot.com\/o\/j6FJLPRhvJZ9XERgiu9m6w9mL173%2FFile%2011588534281262.jpeg?alt=media&token=9d88ee61-e14a-473e-acda-2b56f11ed27b","pages":2,"paper_color":"green_paper","status":"pending"},"File 11588534293906":{"credits":"100","file":"https:\/\/firebasestorage.googleapis.com\/v0\/b\/lawnicstech-f06bc.appspot.com\/o\/j6FJLPRhvJZ9XERgiu9m6w9mL173%2FFile%2011588534293906.pdf?alt=media&token=0260982c-f904-4ada-98e4-743acf4dfb21","gsm":"70gsm","image":"https:\/\/firebasestorage.googleapis.com\/v0\/b\/lawnicstech-f06bc.appspot.com\/o\/j6FJLPRhvJZ9XERgiu9m6w9mL173%2FFile%2011588534293906.jpeg?alt=media&token=e9e3d776-6c52-4dcc-87c7-62b8178cfd60","pages":2,"paper_color":"green_paper","status":"pending"},"File 11588534316047":{"credits":"100","file":"https:\/\/firebasestorage.googleapis.com\/v0\/b\/lawnicstech-f06bc.appspot.com\/o\/j6FJLPRhvJZ9XERgiu9m6w9mL173%2FFile%2011588534316047.pdf?alt=media&token=7d01b2a9-5e46-4315-a801-7045bbf56c74","gsm":"70gsm","image":"https:\/\/firebasestorage.googleapis.com\/v0\/b\/lawnicstech-f06bc.appspot.com\/o\/j6FJLPRhvJZ9XERgiu9m6w9mL173%2FFile%2011588534316047.jpeg?alt=media&token=bb0b5d63-e457-4efd-ad1b-3f6b8efc5ee7","pages":2,"paper_color":"green_paper","status":"pushed"},"File 11588534390147":{"credits":"100","file":"https:\/\/firebasestorage.googleapis.com\/v0\/b\/lawnicstech-f06bc.appspot.com\/o\/j6FJLPRhvJZ9XERgiu9m6w9mL173%2FFile%2011588534390147.pdf?alt=media&token=be33ad9a-6a73-4227-a7ec-2cc988bd6df0","gsm":"70gsm","image":"https:\/\/firebasestorage.googleapis.com\/v0\/b\/lawnicstech-f06bc.appspot.com\/o\/j6FJLPRhvJZ9XERgiu9m6w9mL173%2FFile%2011588534390147.jpeg?alt=media&token=a8e24e06-8264-4ae7-a6e5-fbee7007162e","pages":2,"paper_color":"green_paper","status":"pending"}},"category":"Lawyer","city":"Jaipur","designation":"Junior Advocate","email":"kanishkjoshhi@gmail.com","first_name":"Kanishk","gender":"Male","last_name":" Joshi","orders":{"2020_4_13":{"13_21_57":{"File 01589356293162":{"credits":"300","file":"https:\/\/firebasestorage.googleapis.com\/v0\/b\/lawnicstech-f06bc.appspot.com\/o\/j6FJLPRhvJZ9XERgiu9m6w9mL173%2FFile%2001589356293162.pdf?alt=media&token=a4a74818-9406-4870-904b-3ea98326e0b0","gsm":"70gsm","image":"https:\/\/firebasestorage.googleapis.com\/v0\/b\/lawnicstech-f06bc.appspot.com\/o\/j6FJLPRhvJZ9XERgiu9m6w9mL173%2FFile%2001589356293162.jpeg?alt=media&token=61dbd56a-ab3b-496c-a70a-df3e35992d65","pages":"6","paper_color":"green_paper","status":"Under process"},"File 11588534281262":{"credits":"100","file":"https:\/\/firebasestorage.googleapis.com\/v0\/b\/lawnicstech-f06bc.appspot.com\/o\/j6FJLPRhvJZ9XERgiu9m6w9mL173%2FFile%2011588534281262.pdf?alt=media&token=7a65ad4a-8b8c-4330-8daa-6b5202238fea","gsm":"70gsm","image":"https:\/\/firebasestorage.googleapis.com\/v0\/b\/lawnicstech-f06bc.appspot.com\/o\/j6FJLPRhvJZ9XERgiu9m6w9mL173%2FFile%2011588534281262.jpeg?alt=media&token=9d88ee61-e14a-473e-acda-2b56f11ed27b","pages":"2","paper_color":"green_paper","status":"Under process"},"File 11588534293906":{"credits":"100","file":"https:\/\/firebasestorage.googleapis.com\/v0\/b\/lawnicstech-f06bc.appspot.com\/o\/j6FJLPRhvJZ9XERgiu9m6w9mL173%2FFile%2011588534293906.pdf?alt=media&token=0260982c-f904-4ada-98e4-743acf4dfb21","gsm":"70gsm","image":"https:\/\/firebasestorage.googleapis.com\/v0\/b\/lawnicstech-f06bc.appspot.com\/o\/j6FJLPRhvJZ9XERgiu9m6w9mL173%2FFile%2011588534293906.jpeg?alt=media&token=e9e3d776-6c52-4dcc-87c7-62b8178cfd60","pages":"2","paper_color":"green_paper","status":"Under process"},"File 11588534316047":{"credits":"100","file":"https:\/\/firebasestorage.googleapis.com\/v0\/b\/lawnicstech-f06bc.appspot.com\/o\/j6FJLPRhvJZ9XERgiu9m6w9mL173%2FFile%2011588534316047.pdf?alt=media&token=7d01b2a9-5e46-4315-a801-7045bbf56c74","gsm":"70gsm","image":"https:\/\/firebasestorage.googleapis.com\/v0\/b\/lawnicstech-f06bc.appspot.com\/o\/j6FJLPRhvJZ9XERgiu9m6w9mL173%2FFile%2011588534316047.jpeg?alt=media&token=bb0b5d63-e457-4efd-ad1b-3f6b8efc5ee7","pages":"2","paper_color":"green_paper","status":"Under process"},"File 11588534390147":{"credits":"100","file":"https:\/\/firebasestorage.googleapis.com\/v0\/b\/lawnicstech-f06bc.appspot.com\/o\/j6FJLPRhvJZ9XERgiu9m6w9mL173%2FFile%2011588534390147.pdf?alt=media&token=be33ad9a-6a73-4227-a7ec-2cc988bd6df0","gsm":"70gsm","image":"https:\/\/firebasestorage.googleapis.com\/v0\/b\/lawnicstech-f06bc.appspot.com\/o\/j6FJLPRhvJZ9XERgiu9m6w9mL173%2FFile%2011588534390147.jpeg?alt=media&token=a8e24e06-8264-4ae7-a6e5-fbee7007162e","pages":"2","paper_color":"green_paper","status":"Under process"}}},"2020_4_4":{"1_2_37":{"File 11588534281262":{"credits":"100","file":"https:\/\/firebasestorage.googleapis.com\/v0\/b\/lawnicstech-f06bc.appspot.com\/o\/j6FJLPRhvJZ9XERgiu9m6w9mL173%2FFile%2011588534281262.pdf?alt=media&token=7a65ad4a-8b8c-4330-8daa-6b5202238fea","gsm":"70gsm","image":"https:\/\/firebasestorage.googleapis.com\/v0\/b\/lawnicstech-f06bc.appspot.com\/o\/j6FJLPRhvJZ9XERgiu9m6w9mL173%2FFile%2011588534281262.jpeg?alt=media&token=9d88ee61-e14a-473e-acda-2b56f11ed27b","pages":"2","paper_color":"green_paper","status":"Under process"},"File 11588534293906":{"credits":"100","file":"https:\/\/firebasestorage.googleapis.com\/v0\/b\/lawnicstech-f06bc.appspot.com\/o\/j6FJLPRhvJZ9XERgiu9m6w9mL173%2FFile%2011588534293906.pdf?alt=media&token=0260982c-f904-4ada-98e4-743acf4dfb21","gsm":"70gsm","image":"https:\/\/firebasestorage.googleapis.com\/v0\/b\/lawnicstech-f06bc.appspot.com\/o\/j6FJLPRhvJZ9XERgiu9m6w9mL173%2FFile%2011588534293906.jpeg?alt=media&token=e9e3d776-6c52-4dcc-87c7-62b8178cfd60","pages":"2","paper_color":"green_paper","status":"Under process"},"File 11588534316047":{"credits":"100","file":"https:\/\/firebasestorage.googleapis.com\/v0\/b\/lawnicstech-f06bc.appspot.com\/o\/j6FJLPRhvJZ9XERgiu9m6w9mL173%2FFile%2011588534316047.pdf?alt=media&token=7d01b2a9-5e46-4315-a801-7045bbf56c74","gsm":"70gsm","image":"https:\/\/firebasestorage.googleapis.com\/v0\/b\/lawnicstech-f06bc.appspot.com\/o\/j6FJLPRhvJZ9XERgiu9m6w9mL173%2FFile%2011588534316047.jpeg?alt=media&token=bb0b5d63-e457-4efd-ad1b-3f6b8efc5ee7","pages":"2","paper_color":"green_paper","status":"Under process"}}}},"state":"Rajasthan","transactions":{"2020_2_5":{"13_32_58":{"added_credits":"500","added_money":"100","current_credits":"0","status":"failed"},"13_32_59":{"added_credits":"500","added_money":"100","current_credits":"0","status":"failed"}},"2020_4_3":{"23_34_22":{"added_credits":"500","added_money":"100","current_credits":"0","status":"failed"}},"2020_4_4":{"1_6_22":{"added_credits":"500","added_money":"100","current_credits":"500","status":"success"}},"total_credits":"500"}},"lb23C0StFUPP00srL9u8rDEK0jJ3":{"cart":{"Multiple Files (10)1594822250941":{"copies":"1","credits":"6.06","credits_per_page":"2","gsm":"120 GSM","imagesPaths":"https:\/\/firebasestorage.googleapis.com\/v0\/b\/lawnicstech-f06bc.appspot.com\/o\/lb23C0StFUPP00srL9u8rDEK0jJ3%2FMultiple%20Files%20(10)1594822250941_0.jpg?alt=media&token=ab8e4bf5-f4cf-47d1-97bf-54bf4c979ec0&&girishhttps:\/\/firebasestorage.googleapis.com\/v0\/b\/lawnicstech-f06bc.appspot.com\/o\/lb23C0StFUPP00srL9u8rDEK0jJ3%2FMultiple%20Files%20(10)1594822250941_1.jpg?alt=media&token=e8913483-42fb-4c1e-9489-807a255b419a&&girishhttps:\/\/firebasestorage.googleapis.com\/v0\/b\/lawnicstech-f06bc.appspot.com\/o\/lb23C0StFUPP00srL9u8rDEK0jJ3%2FMultiple%20Files%20(10)1594822250941_2.jpg?alt=media&token=f5866c5f-6622-46ed-ab88-f62d06216df3&&girish","imagesPathsLocal":"\/storage\/emulated\/0\/Android\/data\/com.lawnics.tech\/files\/File 1_0.jpg&&girish\/storage\/emulated\/0\/Android\/data\/com.lawnics.tech\/files\/File 1_1.jpg&&girish\/storage\/emulated\/0\/Android\/data\/com.lawnics.tech\/files\/File 0_0.jpg&&girish","pages":3,"paper_color":"White paper","service_charge":"0.06","status":"pending"},"Multiple Files (32)1595065285930":{"copies":"1","credits":"4.04","credits_per_page":"2","gsm":"120 GSM","imagesPaths":"https:\/\/firebasestorage.googleapis.com\/v0\/b\/lawnicstech-f06bc.appspot.com\/o\/lb23C0StFUPP00srL9u8rDEK0jJ3%2FMultiple%20Files%20(32)1595065285930_1.jpg?alt=media&token=7b14340c-95f9-4d18-ab90-b510a0d43731&&girishhttps:\/\/firebasestorage.googleapis.com\/v0\/b\/lawnicstech-f06bc.appspot.com\/o\/lb23C0StFUPP00srL9u8rDEK0jJ3%2FMultiple%20Files%20(32)1595065285930_0.jpg?alt=media&token=fa8497b8-f894-471f-a898-ed54134cf10b&&girish","imagesPathsLocal":"\/storage\/emulated\/0\/Android\/data\/com.lawnics.tech\/files\/File 3_0.jpg&&girish\/storage\/emulated\/0\/Android\/data\/com.lawnics.tech\/files\/File 2_0.jpg&&girish","pages":2,"paper_color":"Green Paper","service_charge":"0.04","status":"pending"},"Multiple Files (32103210)1594825523824":{"copies":"1","credits":"16.16","credits_per_page":"2","gsm":"120 GSM","imagesPaths":"https:\/\/firebasestorage.googleapis.com\/v0\/b\/lawnicstech-f06bc.appspot.com\/o\/lb23C0StFUPP00srL9u8rDEK0jJ3%2FMultiple%20Files%20(32103210)1594825523824_1.jpg?alt=media&token=aea5a584-610e-460a-ad54-fb5418f71dfd&&girishhttps:\/\/firebasestorage.googleapis.com\/v0\/b\/lawnicstech-f06bc.appspot.com\/o\/lb23C0StFUPP00srL9u8rDEK0jJ3%2FMultiple%20Files%20(32103210)1594825523824_0.jpg?alt=media&token=3e1126db-44d8-4e28-a877-2ea0fda9f103&&girishhttps:\/\/firebasestorage.googleapis.com\/v0\/b\/lawnicstech-f06bc.appspot.com\/o\/lb23C0StFUPP00srL9u8rDEK0jJ3%2FMultiple%20Files%20(32103210)1594825523824_3.jpg?alt=media&token=de908705-d570-4d9d-9dd2-471389e451c1&&girishhttps:\/\/firebasestorage.googleapis.com\/v0\/b\/lawnicstech-f06bc.appspot.com\/o\/lb23C0StFUPP00srL9u8rDEK0jJ3%2FMultiple%20Files%20(32103210)1594825523824_4.jpg?alt=media&token=6f0db0c8-7346-4d8d-bb3d-2b56acf29407&&girishhttps:\/\/firebasestorage.googleapis.com\/v0\/b\/lawnicstech-f06bc.appspot.com\/o\/lb23C0StFUPP00srL9u8rDEK0jJ3%2FMultiple%20Files%20(32103210)1594825523824_2.jpg?alt=media&token=f7b0923f-ed60-4095-ad00-3944d11262c2&&girishhttps:\/\/firebasestorage.googleapis.com\/v0\/b\/lawnicstech-f06bc.appspot.com\/o\/lb23C0StFUPP00srL9u8rDEK0jJ3%2FMultiple%20Files%20(32103210)1594825523824_5.jpg?alt=media&token=4751f86e-469f-4894-9e13-92861bf2c828&&girishhttps:\/\/firebasestorage.googleapis.com\/v0\/b\/lawnicstech-f06bc.appspot.com\/o\/lb23C0StFUPP00srL9u8rDEK0jJ3%2FMultiple%20Files%20(32103210)1594825523824_7.jpg?alt=media&token=812093a3-d0aa-4851-b270-0fe8bffaf45d&&girishhttps:\/\/firebasestorage.googleapis.com\/v0\/b\/lawnicstech-f06bc.appspot.com\/o\/lb23C0StFUPP00srL9u8rDEK0jJ3%2FMultiple%20Files%20(32103210)1594825523824_6.jpg?alt=media&token=3edffd73-f7b8-4261-819e-9c3a9916a72e&&girish","imagesPathsLocal":"\/storage\/emulated\/0\/Android\/data\/com.lawnics.tech\/files\/File 3_0.jpg&&girish\/storage\/emulated\/0\/Android\/data\/com.lawnics.tech\/files\/File 2_0.jpg&&girish\/storage\/emulated\/0\/Android\/data\/com.lawnics.tech\/files\/File 1_0.jpg&&girish\/storage\/emulated\/0\/Android\/data\/com.lawnics.tech\/files\/File 0_0.jpg&&girish\/storage\/emulated\/0\/Android\/data\/com.lawnics.tech\/files\/File 3_0.jpg&&girish\/storage\/emulated\/0\/Android\/data\/com.lawnics.tech\/files\/File 2_0.jpg&&girish\/storage\/emulated\/0\/Android\/data\/com.lawnics.tech\/files\/File 1_0.jpg&&girish\/storage\/emulated\/0\/Android\/data\/com.lawnics.tech\/files\/File 0_0.jpg&&girish","pages":8,"paper_color":"White paper","service_charge":"0.16","status":"pending"}},"first_name":"Shubham","last_name":"Shah","orders":{"2020_6_14":{"1_23":{"fd1d03fc5bed":{"Multiple Files (0)1594669953426":{"area":"Banipark","city":"Jaipur","copies":"1","credits":"2.02","credits_per_page":"2","file":"https:\/\/firebasestorage.googleapis.com\/v0\/b\/lawnicstech-f06bc.appspot.com\/o\/lb23C0StFUPP00srL9u8rDEK0jJ3%2Forder0.pdf.jpg?alt=media&token=e0cd7651-50e2-4b99-b97b-7146a8a01d13","filename":"Multiple Files (0)1594669953426","gsm":"120 GSM","image":"https:\/\/firebasestorage.googleapis.com\/v0\/b\/lawnicstech-f06bc.appspot.com\/o\/lb23C0StFUPP00srL9u8rDEK0jJ3%2FMultiple%20Files%20(0)1594669953426_0.jpg?alt=media&token=b1cad251-d3f9-461b-9f2c-69ef57063d5a","imagesPaths":"https:\/\/firebasestorage.googleapis.com\/v0\/b\/lawnicstech-f06bc.appspot.com\/o\/lb23C0StFUPP00srL9u8rDEK0jJ3%2FMultiple%20Files%20(0)1594669953426_0.jpg?alt=media&token=b1cad251-d3f9-461b-9f2c-69ef57063d5a&&girish","imagesPathsLocal":"\/storage\/emulated\/0\/Android\/data\/com.lawnics.tech\/files\/File 0_0.jpg&&girish","orientation":"Portrait","pages":"1","paper_color":"Green Paper","paper_side":"Single side","paper_size":"A4 size paper","service_charge":"0.02","status":"Under process"},"code":"null","confirmation_date_time":"null","order_type":"Quick Print","pick_up_date_time":"null","printing_date_time":"null","printing_partner_location":"26.784534,75.82253","printing_partner_name":"Shubham Shah","printing_partner_phone":"8160988146","printing_partner_uid":"lb23C0StFUPP00srL9u8rDEK0jJ3","reported":"no","status":"Rejected","total_creds":"4.04"}},"1_25":{"ad620052df11":{"Multiple Files (0)1594670110510":{"area":"Banipark","city":"Jaipur","copies":"1","credits":"1.01","credits_per_page":"1","file":"https:\/\/firebasestorage.googleapis.com\/v0\/b\/lawnicstech-f06bc.appspot.com\/o\/lb23C0StFUPP00srL9u8rDEK0jJ3%2Forder0.pdf.jpg?alt=media&token=1591ce69-ac74-4fa7-89b5-8aceb65734b8","filename":"Multiple Files (0)1594670110510","gsm":"70 GSM","image":"https:\/\/firebasestorage.googleapis.com\/v0\/b\/lawnicstech-f06bc.appspot.com\/o\/lb23C0StFUPP00srL9u8rDEK0jJ3%2FMultiple%20Files%20(0)1594670110510_0.jpg?alt=media&token=e034fe06-8322-4515-9db7-839062b66a8f","imagesPaths":"https:\/\/firebasestorage.googleapis.com\/v0\/b\/lawnicstech-f06bc.appspot.com\/o\/lb23C0StFUPP00srL9u8rDEK0jJ3%2FMultiple%20Files%20(0)1594670110510_0.jpg?alt=media&token=e034fe06-8322-4515-9db7-839062b66a8f&&girish","imagesPathsLocal":"\/storage\/emulated\/0\/Android\/data\/com.lawnics.tech\/files\/File 0_0.jpg&&girish","orientation":"Portrait","pages":"1","paper_color":"White paper","paper_side":"Single side","paper_size":"A4 size paper","service_charge":"0.01","status":"Under process"},"code":"null","confirmation_date_time":"null","order_type":"Quick Print","pick_up_date_time":"null","printing_date_time":"null","printing_partner_location":"26.784534,75.82253","printing_partner_name":"Shubham Shah","printing_partner_phone":"8160988146","printing_partner_uid":"lb23C0StFUPP00srL9u8rDEK0jJ3","reported":"no","status":"Confirmed","total_creds":"2.02"}},"22_17":{"0106b4970912":{"Multiple Files (0)1594670110510":{"area":"Banipark","city":"Jaipur","copies":"1","credits":"1.01","credits_per_page":"1","file":"https:\/\/firebasestorage.googleapis.com\/v0\/b\/lawnicstech-f06bc.appspot.com\/o\/lb23C0StFUPP00srL9u8rDEK0jJ3%2Forder0.pdf.jpg?alt=media&token=997b1519-a18c-4467-a142-5105eda32071","filename":"Multiple Files (0)1594670110510","gsm":"70 GSM","image":"https:\/\/firebasestorage.googleapis.com\/v0\/b\/lawnicstech-f06bc.appspot.com\/o\/lb23C0StFUPP00srL9u8rDEK0jJ3%2FMultiple%20Files%20(0)1594670110510_0.jpg?alt=media&token=e034fe06-8322-4515-9db7-839062b66a8f","imagesPaths":"https:\/\/firebasestorage.googleapis.com\/v0\/b\/lawnicstech-f06bc.appspot.com\/o\/lb23C0StFUPP00srL9u8rDEK0jJ3%2FMultiple%20Files%20(0)1594670110510_0.jpg?alt=media&token=e034fe06-8322-4515-9db7-839062b66a8f&&girish","imagesPathsLocal":"\/storage\/emulated\/0\/Android\/data\/com.lawnics.tech\/files\/File 0_0.jpg&&girish","orientation":"Portrait","pages":"1","paper_color":"White paper","paper_side":"Single side","paper_size":"A4 size paper","service_charge":"0.01","status":"Under process"},"Multiple Files (0)1594745241819":{"area":"Banipark","city":"Jaipur","copies":"1","credits":"1.01","credits_per_page":"1","file":"https:\/\/firebasestorage.googleapis.com\/v0\/b\/lawnicstech-f06bc.appspot.com\/o\/lb23C0StFUPP00srL9u8rDEK0jJ3%2Forder1.pdf.jpg?alt=media&token=3c12ac6f-a12e-4e42-af90-e92054d2c957","filename":"Multiple Files (0)1594745241819","gsm":"70 GSM","image":"https:\/\/firebasestorage.googleapis.com\/v0\/b\/lawnicstech-f06bc.appspot.com\/o\/lb23C0StFUPP00srL9u8rDEK0jJ3%2FMultiple%20Files%20(0)1594745241819_0.jpg?alt=media&token=16e168c1-e155-434d-a5d8-2bae88ca8818","imagesPaths":"https:\/\/firebasestorage.googleapis.com\/v0\/b\/lawnicstech-f06bc.appspot.com\/o\/lb23C0StFUPP00srL9u8rDEK0jJ3%2FMultiple%20Files%20(0)1594745241819_0.jpg?alt=media&token=16e168c1-e155-434d-a5d8-2bae88ca8818&&girish","imagesPathsLocal":"\/storage\/emulated\/0\/Android\/data\/com.lawnics.tech\/files\/File 0_0.jpg&&girish","orientation":"Portrait","pages":"1","paper_color":"White paper","paper_side":"Single side","paper_size":"A4 size paper","service_charge":"0.01","status":"Under process"},"code":"null","confirmation_date_time":"null","order_type":"Quick Print","pick_up_date_time":"null","printing_date_time":"null","printing_partner_location":"26.784534,75.82253","printing_partner_name":"Shubham Shah","printing_partner_phone":"8160988146","printing_partner_uid":"lb23C0StFUPP00srL9u8rDEK0jJ3","reported":"no","status":"Confirmed","total_creds":"2.02"}}},"2020_6_15":{"19_41":{"10ed1cca859a":{"Multiple Files (0)1594670110510":{"area":"Banipark","city":"Jaipur","copies":"1","credits":"1.01","credits_per_page":"1","file":"https:\/\/firebasestorage.googleapis.com\/v0\/b\/lawnicstech-f06bc.appspot.com\/o\/lb23C0StFUPP00srL9u8rDEK0jJ3%2Forder0.pdf.jpg?alt=media&token=abf1eb68-bb20-44f2-8ade-fe2b1f320e2f","filename":"Multiple Files (0)1594670110510","gsm":"70 GSM","image":"https:\/\/firebasestorage.googleapis.com\/v0\/b\/lawnicstech-f06bc.appspot.com\/o\/lb23C0StFUPP00srL9u8rDEK0jJ3%2FMultiple%20Files%20(0)1594670110510_0.jpg?alt=media&token=e034fe06-8322-4515-9db7-839062b66a8f","imagesPaths":"https:\/\/firebasestorage.googleapis.com\/v0\/b\/lawnicstech-f06bc.appspot.com\/o\/lb23C0StFUPP00srL9u8rDEK0jJ3%2FMultiple%20Files%20(0)1594670110510_0.jpg?alt=media&token=e034fe06-8322-4515-9db7-839062b66a8f&&girish","imagesPathsLocal":"\/storage\/emulated\/0\/Android\/data\/com.lawnics.tech\/files\/File 0_0.jpg&&girish","orientation":"Portrait","pages":"1","paper_color":"White paper","paper_side":"Single side","paper_size":"A4 size paper","service_charge":"0.01","status":"Under process"},"Multiple Files (0)1594745241819":{"area":"Banipark","city":"Jaipur","copies":"1","credits":"1.01","credits_per_page":"1","file":"https:\/\/firebasestorage.googleapis.com\/v0\/b\/lawnicstech-f06bc.appspot.com\/o\/lb23C0StFUPP00srL9u8rDEK0jJ3%2Forder1.pdf.jpg?alt=media&token=4a3646e9-5fc8-4d8d-9796-0f5d5223a7bf","filename":"Multiple Files (0)1594745241819","gsm":"70 GSM","image":"https:\/\/firebasestorage.googleapis.com\/v0\/b\/lawnicstech-f06bc.appspot.com\/o\/lb23C0StFUPP00srL9u8rDEK0jJ3%2FMultiple%20Files%20(0)1594745241819_0.jpg?alt=media&token=16e168c1-e155-434d-a5d8-2bae88ca8818","imagesPaths":"https:\/\/firebasestorage.googleapis.com\/v0\/b\/lawnicstech-f06bc.appspot.com\/o\/lb23C0StFUPP00srL9u8rDEK0jJ3%2FMultiple%20Files%20(0)1594745241819_0.jpg?alt=media&token=16e168c1-e155-434d-a5d8-2bae88ca8818&&girish","imagesPathsLocal":"\/storage\/emulated\/0\/Android\/data\/com.lawnics.tech\/files\/File 0_0.jpg&&girish","orientation":"Portrait","pages":"1","paper_color":"White paper","paper_side":"Single side","paper_size":"A4 size paper","service_charge":"0.01","status":"Under process"},"Multiple Files (10)1594822250941":{"area":"Banipark","city":"Jaipur","copies":"1","credits":"3.03","credits_per_page":"1","file":"https:\/\/firebasestorage.googleapis.com\/v0\/b\/lawnicstech-f06bc.appspot.com\/o\/lb23C0StFUPP00srL9u8rDEK0jJ3%2Forder2.pdf.jpg?alt=media&token=3dc41d39-1efe-471d-97d9-6b9b3208fe0a","filename":"Multiple Files (10)1594822250941","gsm":"120 GSM","image":"https:\/\/firebasestorage.googleapis.com\/v0\/b\/lawnicstech-f06bc.appspot.com\/o\/lb23C0StFUPP00srL9u8rDEK0jJ3%2FMultiple%20Files%20(10)1594822250941_0.jpg?alt=media&token=ab8e4bf5-f4cf-47d1-97bf-54bf4c979ec0","imagesPaths":"https:\/\/firebasestorage.googleapis.com\/v0\/b\/lawnicstech-f06bc.appspot.com\/o\/lb23C0StFUPP00srL9u8rDEK0jJ3%2FMultiple%20Files%20(10)1594822250941_0.jpg?alt=media&token=ab8e4bf5-f4cf-47d1-97bf-54bf4c979ec0&&girishhttps:\/\/firebasestorage.googleapis.com\/v0\/b\/lawnicstech-f06bc.appspot.com\/o\/lb23C0StFUPP00srL9u8rDEK0jJ3%2FMultiple%20Files%20(10)1594822250941_1.jpg?alt=media&token=e8913483-42fb-4c1e-9489-807a255b419a&&girishhttps:\/\/firebasestorage.googleapis.com\/v0\/b\/lawnicstech-f06bc.appspot.com\/o\/lb23C0StFUPP00srL9u8rDEK0jJ3%2FMultiple%20Files%20(10)1594822250941_2.jpg?alt=media&token=f5866c5f-6622-46ed-ab88-f62d06216df3&&girish","imagesPathsLocal":"\/storage\/emulated\/0\/Android\/data\/com.lawnics.tech\/files\/File 1_0.jpg&&girish\/storage\/emulated\/0\/Android\/data\/com.lawnics.tech\/files\/File 1_1.jpg&&girish\/storage\/emulated\/0\/Android\/data\/com.lawnics.tech\/files\/File 0_0.jpg&&girish","orientation":"Portrait","pages":"3","paper_color":"White paper","paper_side":"Single side","paper_size":"A4 size paper","service_charge":"0.03","status":"Under process"},"code":"null","confirmation_date_time":"null","order_type":"Quick Print","pick_up_date_time":"null","printing_date_time":"null","printing_partner_location":"26.784534,75.82253","printing_partner_name":"Shubham Shah","printing_partner_phone":"8160988146","printing_partner_uid":"lb23C0StFUPP00srL9u8rDEK0jJ3","reported":"no","status":"pending","total_creds":"5.05"}},"20_36":{"332166f90851":{"Multiple Files (0)1594670110510":{"area":"Banipark","city":"Jaipur","copies":"1","credits":"1.01","credits_per_page":"1","filename":"Multiple Files (0)1594670110510","gsm":"70 GSM","image":"https:\/\/firebasestorage.googleapis.com\/v0\/b\/lawnicstech-f06bc.appspot.com\/o\/lb23C0StFUPP00srL9u8rDEK0jJ3%2FMultiple%20Files%20(0)1594670110510_0.jpg?alt=media&token=e034fe06-8322-4515-9db7-839062b66a8f","imagesPaths":"https:\/\/firebasestorage.googleapis.com\/v0\/b\/lawnicstech-f06bc.appspot.com\/o\/lb23C0StFUPP00srL9u8rDEK0jJ3%2FMultiple%20Files%20(0)1594670110510_0.jpg?alt=media&token=e034fe06-8322-4515-9db7-839062b66a8f&&girish","imagesPathsLocal":"\/storage\/emulated\/0\/Android\/data\/com.lawnics.tech\/files\/File 0_0.jpg&&girish","orientation":"Portrait","pages":"1","paper_color":"White paper","paper_side":"Single side","paper_size":"A4 size paper","print_color":"Black & White","service_charge":"0.01","status":"Under process"},"Multiple Files (0)1594745241819":{"area":"Banipark","city":"Jaipur","copies":"1","credits":"1.01","credits_per_page":"1","filename":"Multiple Files (0)1594745241819","gsm":"70 GSM","image":"https:\/\/firebasestorage.googleapis.com\/v0\/b\/lawnicstech-f06bc.appspot.com\/o\/lb23C0StFUPP00srL9u8rDEK0jJ3%2FMultiple%20Files%20(0)1594745241819_0.jpg?alt=media&token=16e168c1-e155-434d-a5d8-2bae88ca8818","imagesPaths":"https:\/\/firebasestorage.googleapis.com\/v0\/b\/lawnicstech-f06bc.appspot.com\/o\/lb23C0StFUPP00srL9u8rDEK0jJ3%2FMultiple%20Files%20(0)1594745241819_0.jpg?alt=media&token=16e168c1-e155-434d-a5d8-2bae88ca8818&&girish","imagesPathsLocal":"\/storage\/emulated\/0\/Android\/data\/com.lawnics.tech\/files\/File 0_0.jpg&&girish","orientation":"Portrait","pages":"1","paper_color":"White paper","paper_side":"Single side","paper_size":"A4 size paper","print_color":"Black & White","service_charge":"0.01","status":"Under process"},"Multiple Files (10)1594822250941":{"area":"Banipark","city":"Jaipur","copies":"1","credits":"3.03","credits_per_page":"1","filename":"Multiple Files (10)1594822250941","gsm":"120 GSM","image":"https:\/\/firebasestorage.googleapis.com\/v0\/b\/lawnicstech-f06bc.appspot.com\/o\/lb23C0StFUPP00srL9u8rDEK0jJ3%2FMultiple%20Files%20(10)1594822250941_0.jpg?alt=media&token=ab8e4bf5-f4cf-47d1-97bf-54bf4c979ec0","imagesPaths":"https:\/\/firebasestorage.googleapis.com\/v0\/b\/lawnicstech-f06bc.appspot.com\/o\/lb23C0StFUPP00srL9u8rDEK0jJ3%2FMultiple%20Files%20(10)1594822250941_0.jpg?alt=media&token=ab8e4bf5-f4cf-47d1-97bf-54bf4c979ec0&&girishhttps:\/\/firebasestorage.googleapis.com\/v0\/b\/lawnicstech-f06bc.appspot.com\/o\/lb23C0StFUPP00srL9u8rDEK0jJ3%2FMultiple%20Files%20(10)1594822250941_1.jpg?alt=media&token=e8913483-42fb-4c1e-9489-807a255b419a&&girishhttps:\/\/firebasestorage.googleapis.com\/v0\/b\/lawnicstech-f06bc.appspot.com\/o\/lb23C0StFUPP00srL9u8rDEK0jJ3%2FMultiple%20Files%20(10)1594822250941_2.jpg?alt=media&token=f5866c5f-6622-46ed-ab88-f62d06216df3&&girish","imagesPathsLocal":"\/storage\/emulated\/0\/Android\/data\/com.lawnics.tech\/files\/File 1_0.jpg&&girish\/storage\/emulated\/0\/Android\/data\/com.lawnics.tech\/files\/File 1_1.jpg&&girish\/storage\/emulated\/0\/Android\/data\/com.lawnics.tech\/files\/File 0_0.jpg&&girish","orientation":"Portrait","pages":"3","paper_color":"White paper","paper_side":"Single side","paper_size":"A4 size paper","print_color":"Black & White","service_charge":"0.03","status":"Under process"},"Multiple Files (32103210)1594825523824":{"area":"Banipark","city":"Jaipur","copies":"1","credits":"8.08","credits_per_page":"1","filename":"Multiple Files (32103210)1594825523824","gsm":"120 GSM","image":"https:\/\/firebasestorage.googleapis.com\/v0\/b\/lawnicstech-f06bc.appspot.com\/o\/lb23C0StFUPP00srL9u8rDEK0jJ3%2FMultiple%20Files%20(32103210)1594825523824_1.jpg?alt=media&token=aea5a584-610e-460a-ad54-fb5418f71dfd","imagesPaths":"https:\/\/firebasestorage.googleapis.com\/v0\/b\/lawnicstech-f06bc.appspot.com\/o\/lb23C0StFUPP00srL9u8rDEK0jJ3%2FMultiple%20Files%20(32103210)1594825523824_1.jpg?alt=media&token=aea5a584-610e-460a-ad54-fb5418f71dfd&&girishhttps:\/\/firebasestorage.googleapis.com\/v0\/b\/lawnicstech-f06bc.appspot.com\/o\/lb23C0StFUPP00srL9u8rDEK0jJ3%2FMultiple%20Files%20(32103210)1594825523824_0.jpg?alt=media&token=3e1126db-44d8-4e28-a877-2ea0fda9f103&&girishhttps:\/\/firebasestorage.googleapis.com\/v0\/b\/lawnicstech-f06bc.appspot.com\/o\/lb23C0StFUPP00srL9u8rDEK0jJ3%2FMultiple%20Files%20(32103210)1594825523824_3.jpg?alt=media&token=de908705-d570-4d9d-9dd2-471389e451c1&&girishhttps:\/\/firebasestorage.googleapis.com\/v0\/b\/lawnicstech-f06bc.appspot.com\/o\/lb23C0StFUPP00srL9u8rDEK0jJ3%2FMultiple%20Files%20(32103210)1594825523824_4.jpg?alt=media&token=6f0db0c8-7346-4d8d-bb3d-2b56acf29407&&girishhttps:\/\/firebasestorage.googleapis.com\/v0\/b\/lawnicstech-f06bc.appspot.com\/o\/lb23C0StFUPP00srL9u8rDEK0jJ3%2FMultiple%20Files%20(32103210)1594825523824_2.jpg?alt=media&token=f7b0923f-ed60-4095-ad00-3944d11262c2&&girishhttps:\/\/firebasestorage.googleapis.com\/v0\/b\/lawnicstech-f06bc.appspot.com\/o\/lb23C0StFUPP00srL9u8rDEK0jJ3%2FMultiple%20Files%20(32103210)1594825523824_5.jpg?alt=media&token=4751f86e-469f-4894-9e13-92861bf2c828&&girishhttps:\/\/firebasestorage.googleapis.com\/v0\/b\/lawnicstech-f06bc.appspot.com\/o\/lb23C0StFUPP00srL9u8rDEK0jJ3%2FMultiple%20Files%20(32103210)1594825523824_7.jpg?alt=media&token=812093a3-d0aa-4851-b270-0fe8bffaf45d&&girishhttps:\/\/firebasestorage.googleapis.com\/v0\/b\/lawnicstech-f06bc.appspot.com\/o\/lb23C0StFUPP00srL9u8rDEK0jJ3%2FMultiple%20Files%20(32103210)1594825523824_6.jpg?alt=media&token=3edffd73-f7b8-4261-819e-9c3a9916a72e&&girish","imagesPathsLocal":"\/storage\/emulated\/0\/Android\/data\/com.lawnics.tech\/files\/File 3_0.jpg&&girish\/storage\/emulated\/0\/Android\/data\/com.lawnics.tech\/files\/File 2_0.jpg&&girish\/storage\/emulated\/0\/Android\/data\/com.lawnics.tech\/files\/File 1_0.jpg&&girish\/storage\/emulated\/0\/Android\/data\/com.lawnics.tech\/files\/File 0_0.jpg&&girish\/storage\/emulated\/0\/Android\/data\/com.lawnics.tech\/files\/File 3_0.jpg&&girish\/storage\/emulated\/0\/Android\/data\/com.lawnics.tech\/files\/File 2_0.jpg&&girish\/storage\/emulated\/0\/Android\/data\/com.lawnics.tech\/files\/File 1_0.jpg&&girish\/storage\/emulated\/0\/Android\/data\/com.lawnics.tech\/files\/File 0_0.jpg&&girish","orientation":"Portrait","pages":"8","paper_color":"White paper","paper_side":"Single side","paper_size":"A4 size paper","print_color":"Black & White","service_charge":"0.08","status":"Under process"},"code":"null","confirmation_date_time":"null","order_type":"Quick Print","pick_up_date_time":"null","printing_date_time":"null","printing_partner_location":"26.784534,75.82253","printing_partner_name":"Shubham Shah","printing_partner_phone":"8160988146","printing_partner_uid":"lb23C0StFUPP00srL9u8rDEK0jJ3","reported":"no","status":"pending","total_creds":"13.13"}},"20_37":{"aa71ccd2aee7":{"Multiple Files (0)1594670110510":{"area":"Banipark","city":"Jaipur","copies":"1","credits":"1.01","credits_per_page":"1","filename":"Multiple Files (0)1594670110510","gsm":"70 GSM","image":"https:\/\/firebasestorage.googleapis.com\/v0\/b\/lawnicstech-f06bc.appspot.com\/o\/lb23C0StFUPP00srL9u8rDEK0jJ3%2FMultiple%20Files%20(0)1594670110510_0.jpg?alt=media&token=e034fe06-8322-4515-9db7-839062b66a8f","imagesPaths":"https:\/\/firebasestorage.googleapis.com\/v0\/b\/lawnicstech-f06bc.appspot.com\/o\/lb23C0StFUPP00srL9u8rDEK0jJ3%2FMultiple%20Files%20(0)1594670110510_0.jpg?alt=media&token=e034fe06-8322-4515-9db7-839062b66a8f&&girish","imagesPathsLocal":"\/storage\/emulated\/0\/Android\/data\/com.lawnics.tech\/files\/File 0_0.jpg&&girish","orientation":"Portrait","pages":"1","paper_color":"White paper","paper_side":"Single side","paper_size":"A4 size paper","print_color":"Black & White","service_charge":"0.01","status":"Under process"},"Multiple Files (0)1594745241819":{"area":"Banipark","city":"Jaipur","copies":"1","credits":"1.01","credits_per_page":"1","filename":"Multiple Files (0)1594745241819","gsm":"70 GSM","image":"https:\/\/firebasestorage.googleapis.com\/v0\/b\/lawnicstech-f06bc.appspot.com\/o\/lb23C0StFUPP00srL9u8rDEK0jJ3%2FMultiple%20Files%20(0)1594745241819_0.jpg?alt=media&token=16e168c1-e155-434d-a5d8-2bae88ca8818","imagesPaths":"https:\/\/firebasestorage.googleapis.com\/v0\/b\/lawnicstech-f06bc.appspot.com\/o\/lb23C0StFUPP00srL9u8rDEK0jJ3%2FMultiple%20Files%20(0)1594745241819_0.jpg?alt=media&token=16e168c1-e155-434d-a5d8-2bae88ca8818&&girish","imagesPathsLocal":"\/storage\/emulated\/0\/Android\/data\/com.lawnics.tech\/files\/File 0_0.jpg&&girish","orientation":"Portrait","pages":"1","paper_color":"White paper","paper_side":"Single side","paper_size":"A4 size paper","print_color":"Black & White","service_charge":"0.01","status":"Under process"},"Multiple Files (10)1594822250941":{"area":"Banipark","city":"Jaipur","copies":"1","credits":"3.03","credits_per_page":"1","filename":"Multiple Files (10)1594822250941","gsm":"120 GSM","image":"https:\/\/firebasestorage.googleapis.com\/v0\/b\/lawnicstech-f06bc.appspot.com\/o\/lb23C0StFUPP00srL9u8rDEK0jJ3%2FMultiple%20Files%20(10)1594822250941_0.jpg?alt=media&token=ab8e4bf5-f4cf-47d1-97bf-54bf4c979ec0","imagesPaths":"https:\/\/firebasestorage.googleapis.com\/v0\/b\/lawnicstech-f06bc.appspot.com\/o\/lb23C0StFUPP00srL9u8rDEK0jJ3%2FMultiple%20Files%20(10)1594822250941_0.jpg?alt=media&token=ab8e4bf5-f4cf-47d1-97bf-54bf4c979ec0&&girishhttps:\/\/firebasestorage.googleapis.com\/v0\/b\/lawnicstech-f06bc.appspot.com\/o\/lb23C0StFUPP00srL9u8rDEK0jJ3%2FMultiple%20Files%20(10)1594822250941_1.jpg?alt=media&token=e8913483-42fb-4c1e-9489-807a255b419a&&girishhttps:\/\/firebasestorage.googleapis.com\/v0\/b\/lawnicstech-f06bc.appspot.com\/o\/lb23C0StFUPP00srL9u8rDEK0jJ3%2FMultiple%20Files%20(10)1594822250941_2.jpg?alt=media&token=f5866c5f-6622-46ed-ab88-f62d06216df3&&girish","imagesPathsLocal":"\/storage\/emulated\/0\/Android\/data\/com.lawnics.tech\/files\/File 1_0.jpg&&girish\/storage\/emulated\/0\/Android\/data\/com.lawnics.tech\/files\/File 1_1.jpg&&girish\/storage\/emulated\/0\/Android\/data\/com.lawnics.tech\/files\/File 0_0.jpg&&girish","orientation":"Portrait","pages":"3","paper_color":"White paper","paper_side":"Single side","paper_size":"A4 size paper","print_color":"Black & White","service_charge":"0.03","status":"Under process"},"Multiple Files (32103210)1594825523824":{"area":"Banipark","city":"Jaipur","copies":"1","credits":"8.08","credits_per_page":"1","filename":"Multiple Files (32103210)1594825523824","gsm":"120 GSM","image":"https:\/\/firebasestorage.googleapis.com\/v0\/b\/lawnicstech-f06bc.appspot.com\/o\/lb23C0StFUPP00srL9u8rDEK0jJ3%2FMultiple%20Files%20(32103210)1594825523824_1.jpg?alt=media&token=aea5a584-610e-460a-ad54-fb5418f71dfd","imagesPaths":"https:\/\/firebasestorage.googleapis.com\/v0\/b\/lawnicstech-f06bc.appspot.com\/o\/lb23C0StFUPP00srL9u8rDEK0jJ3%2FMultiple%20Files%20(32103210)1594825523824_1.jpg?alt=media&token=aea5a584-610e-460a-ad54-fb5418f71dfd&&girishhttps:\/\/firebasestorage.googleapis.com\/v0\/b\/lawnicstech-f06bc.appspot.com\/o\/lb23C0StFUPP00srL9u8rDEK0jJ3%2FMultiple%20Files%20(32103210)1594825523824_0.jpg?alt=media&token=3e1126db-44d8-4e28-a877-2ea0fda9f103&&girishhttps:\/\/firebasestorage.googleapis.com\/v0\/b\/lawnicstech-f06bc.appspot.com\/o\/lb23C0StFUPP00srL9u8rDEK0jJ3%2FMultiple%20Files%20(32103210)1594825523824_3.jpg?alt=media&token=de908705-d570-4d9d-9dd2-471389e451c1&&girishhttps:\/\/firebasestorage.googleapis.com\/v0\/b\/lawnicstech-f06bc.appspot.com\/o\/lb23C0StFUPP00srL9u8rDEK0jJ3%2FMultiple%20Files%20(32103210)1594825523824_4.jpg?alt=media&token=6f0db0c8-7346-4d8d-bb3d-2b56acf29407&&girishhttps:\/\/firebasestorage.googleapis.com\/v0\/b\/lawnicstech-f06bc.appspot.com\/o\/lb23C0StFUPP00srL9u8rDEK0jJ3%2FMultiple%20Files%20(32103210)1594825523824_2.jpg?alt=media&token=f7b0923f-ed60-4095-ad00-3944d11262c2&&girishhttps:\/\/firebasestorage.googleapis.com\/v0\/b\/lawnicstech-f06bc.appspot.com\/o\/lb23C0StFUPP00srL9u8rDEK0jJ3%2FMultiple%20Files%20(32103210)1594825523824_5.jpg?alt=media&token=4751f86e-469f-4894-9e13-92861bf2c828&&girishhttps:\/\/firebasestorage.googleapis.com\/v0\/b\/lawnicstech-f06bc.appspot.com\/o\/lb23C0StFUPP00srL9u8rDEK0jJ3%2FMultiple%20Files%20(32103210)1594825523824_7.jpg?alt=media&token=812093a3-d0aa-4851-b270-0fe8bffaf45d&&girishhttps:\/\/firebasestorage.googleapis.com\/v0\/b\/lawnicstech-f06bc.appspot.com\/o\/lb23C0StFUPP00srL9u8rDEK0jJ3%2FMultiple%20Files%20(32103210)1594825523824_6.jpg?alt=media&token=3edffd73-f7b8-4261-819e-9c3a9916a72e&&girish","imagesPathsLocal":"\/storage\/emulated\/0\/Android\/data\/com.lawnics.tech\/files\/File 3_0.jpg&&girish\/storage\/emulated\/0\/Android\/data\/com.lawnics.tech\/files\/File 2_0.jpg&&girish\/storage\/emulated\/0\/Android\/data\/com.lawnics.tech\/files\/File 1_0.jpg&&girish\/storage\/emulated\/0\/Android\/data\/com.lawnics.tech\/files\/File 0_0.jpg&&girish\/storage\/emulated\/0\/Android\/data\/com.lawnics.tech\/files\/File 3_0.jpg&&girish\/storage\/emulated\/0\/Android\/data\/com.lawnics.tech\/files\/File 2_0.jpg&&girish\/storage\/emulated\/0\/Android\/data\/com.lawnics.tech\/files\/File 1_0.jpg&&girish\/storage\/emulated\/0\/Android\/data\/com.lawnics.tech\/files\/File 0_0.jpg&&girish","orientation":"Portrait","pages":"8","paper_color":"White paper","paper_side":"Single side","paper_size":"A4 size paper","print_color":"Black & White","service_charge":"0.08","status":"Under process"},"code":"null","confirmation_date_time":"null","order_type":"Quick Print","pick_up_date_time":"null","printing_date_time":"null","printing_partner_location":"26.784534,75.82253","printing_partner_name":"Shubham Shah","printing_partner_phone":"8160988146","printing_partner_uid":"lb23C0StFUPP00srL9u8rDEK0jJ3","reported":"no","status":"pending","total_creds":"1000"}},"20_38":{"035e64c8ea45":{"Multiple Files (10)1594822250941":{"area":"Banipark","city":"Jaipur","copies":"1","credits":"3.03","credits_per_page":"1","filename":"Multiple Files (10)1594822250941","gsm":"120 GSM","image":"https:\/\/firebasestorage.googleapis.com\/v0\/b\/lawnicstech-f06bc.appspot.com\/o\/lb23C0StFUPP00srL9u8rDEK0jJ3%2FMultiple%20Files%20(10)1594822250941_0.jpg?alt=media&token=ab8e4bf5-f4cf-47d1-97bf-54bf4c979ec0","imagesPaths":"https:\/\/firebasestorage.googleapis.com\/v0\/b\/lawnicstech-f06bc.appspot.com\/o\/lb23C0StFUPP00srL9u8rDEK0jJ3%2FMultiple%20Files%20(10)1594822250941_0.jpg?alt=media&token=ab8e4bf5-f4cf-47d1-97bf-54bf4c979ec0&&girishhttps:\/\/firebasestorage.googleapis.com\/v0\/b\/lawnicstech-f06bc.appspot.com\/o\/lb23C0StFUPP00srL9u8rDEK0jJ3%2FMultiple%20Files%20(10)1594822250941_1.jpg?alt=media&token=e8913483-42fb-4c1e-9489-807a255b419a&&girishhttps:\/\/firebasestorage.googleapis.com\/v0\/b\/lawnicstech-f06bc.appspot.com\/o\/lb23C0StFUPP00srL9u8rDEK0jJ3%2FMultiple%20Files%20(10)1594822250941_2.jpg?alt=media&token=f5866c5f-6622-46ed-ab88-f62d06216df3&&girish","imagesPathsLocal":"\/storage\/emulated\/0\/Android\/data\/com.lawnics.tech\/files\/File 1_0.jpg&&girish\/storage\/emulated\/0\/Android\/data\/com.lawnics.tech\/files\/File 1_1.jpg&&girish\/storage\/emulated\/0\/Android\/data\/com.lawnics.tech\/files\/File 0_0.jpg&&girish","orientation":"Portrait","pages":"3","paper_color":"White paper","paper_side":"Single side","paper_size":"A4 size paper","print_color":"Black & White","service_charge":"0.03","status":"Under process"},"Multiple Files (32103210)1594825523824":{"area":"Banipark","city":"Jaipur","copies":"1","credits":"8.08","credits_per_page":"1","filename":"Multiple Files (32103210)1594825523824","gsm":"120 GSM","image":"https:\/\/firebasestorage.googleapis.com\/v0\/b\/lawnicstech-f06bc.appspot.com\/o\/lb23C0StFUPP00srL9u8rDEK0jJ3%2FMultiple%20Files%20(32103210)1594825523824_1.jpg?alt=media&token=aea5a584-610e-460a-ad54-fb5418f71dfd","imagesPaths":"https:\/\/firebasestorage.googleapis.com\/v0\/b\/lawnicstech-f06bc.appspot.com\/o\/lb23C0StFUPP00srL9u8rDEK0jJ3%2FMultiple%20Files%20(32103210)1594825523824_1.jpg?alt=media&token=aea5a584-610e-460a-ad54-fb5418f71dfd&&girishhttps:\/\/firebasestorage.googleapis.com\/v0\/b\/lawnicstech-f06bc.appspot.com\/o\/lb23C0StFUPP00srL9u8rDEK0jJ3%2FMultiple%20Files%20(32103210)1594825523824_0.jpg?alt=media&token=3e1126db-44d8-4e28-a877-2ea0fda9f103&&girishhttps:\/\/firebasestorage.googleapis.com\/v0\/b\/lawnicstech-f06bc.appspot.com\/o\/lb23C0StFUPP00srL9u8rDEK0jJ3%2FMultiple%20Files%20(32103210)1594825523824_3.jpg?alt=media&token=de908705-d570-4d9d-9dd2-471389e451c1&&girishhttps:\/\/firebasestorage.googleapis.com\/v0\/b\/lawnicstech-f06bc.appspot.com\/o\/lb23C0StFUPP00srL9u8rDEK0jJ3%2FMultiple%20Files%20(32103210)1594825523824_4.jpg?alt=media&token=6f0db0c8-7346-4d8d-bb3d-2b56acf29407&&girishhttps:\/\/firebasestorage.googleapis.com\/v0\/b\/lawnicstech-f06bc.appspot.com\/o\/lb23C0StFUPP00srL9u8rDEK0jJ3%2FMultiple%20Files%20(32103210)1594825523824_2.jpg?alt=media&token=f7b0923f-ed60-4095-ad00-3944d11262c2&&girishhttps:\/\/firebasestorage.googleapis.com\/v0\/b\/lawnicstech-f06bc.appspot.com\/o\/lb23C0StFUPP00srL9u8rDEK0jJ3%2FMultiple%20Files%20(32103210)1594825523824_5.jpg?alt=media&token=4751f86e-469f-4894-9e13-92861bf2c828&&girishhttps:\/\/firebasestorage.googleapis.com\/v0\/b\/lawnicstech-f06bc.appspot.com\/o\/lb23C0StFUPP00srL9u8rDEK0jJ3%2FMultiple%20Files%20(32103210)1594825523824_7.jpg?alt=media&token=812093a3-d0aa-4851-b270-0fe8bffaf45d&&girishhttps:\/\/firebasestorage.googleapis.com\/v0\/b\/lawnicstech-f06bc.appspot.com\/o\/lb23C0StFUPP00srL9u8rDEK0jJ3%2FMultiple%20Files%20(32103210)1594825523824_6.jpg?alt=media&token=3edffd73-f7b8-4261-819e-9c3a9916a72e&&girish","imagesPathsLocal":"\/storage\/emulated\/0\/Android\/data\/com.lawnics.tech\/files\/File 3_0.jpg&&girish\/storage\/emulated\/0\/Android\/data\/com.lawnics.tech\/files\/File 2_0.jpg&&girish\/storage\/emulated\/0\/Android\/data\/com.lawnics.tech\/files\/File 1_0.jpg&&girish\/storage\/emulated\/0\/Android\/data\/com.lawnics.tech\/files\/File 0_0.jpg&&girish\/storage\/emulated\/0\/Android\/data\/com.lawnics.tech\/files\/File 3_0.jpg&&girish\/storage\/emulated\/0\/Android\/data\/com.lawnics.tech\/files\/File 2_0.jpg&&girish\/storage\/emulated\/0\/Android\/data\/com.lawnics.tech\/files\/File 1_0.jpg&&girish\/storage\/emulated\/0\/Android\/data\/com.lawnics.tech\/files\/File 0_0.jpg&&girish","orientation":"Portrait","pages":"8","paper_color":"White paper","paper_side":"Single side","paper_size":"A4 size paper","print_color":"Black & White","service_charge":"0.08","status":"Under process"},"code":"null","confirmation_date_time":"null","order_type":"Quick Print","pick_up_date_time":"null","printing_date_time":"null","printing_partner_location":"26.784534,75.82253","printing_partner_name":"Shubham Shah","printing_partner_phone":"8160988146","printing_partner_uid":"lb23C0StFUPP00srL9u8rDEK0jJ3","reported":"no","status":"pending","total_creds":"13.13"}}}},"transactions":{"2020_6_1":{"15_59_33":{"added_credits":"500","added_money":"100","current_credits":"0","status":"failed"},"22_42_44":{"added_credits":"500","added_money":"100","current_credits":"1000","status":"success"}},"total_credits":"1000"}},"profile":{"DOB":"2020-07-23","Enrollment_Number":"123raj","area":"jaipurvbbs","city":"Jaipur","designation":"Senior Advocate","email":"pusshpajosshi@gmail.com","gender":"Female"},"queRTqPTsSPHWePMoCJS4AkF0yR2":{"DOB":"1-Aug-1950","Enrollment_Number":"R\/410\/2016","address":"Muhana Rd, Kankha Ki Dhani, Mahasinghpura at Keshyawala, Rajasthan 302029, India","cart":{"shubham1595009701091":{"copies":"1","credits":"28.28","credits_per_page":"2","gsm":"120 GSM","imagesPaths":"https:\/\/firebasestorage.googleapis.com\/v0\/b\/lawnicstech-f06bc.appspot.com\/o\/queRTqPTsSPHWePMoCJS4AkF0yR2%2Fshubham1595009701091_1.jpg?alt=media&token=2fee47e4-ca2d-4cf1-956d-511f65e1db4c&&girishhttps:\/\/firebasestorage.googleapis.com\/v0\/b\/lawnicstech-f06bc.appspot.com\/o\/queRTqPTsSPHWePMoCJS4AkF0yR2%2Fshubham1595009701091_0.jpg?alt=media&token=46beac56-773b-4d2c-bb9a-8bf397302f87&&girishhttps:\/\/firebasestorage.googleapis.com\/v0\/b\/lawnicstech-f06bc.appspot.com\/o\/queRTqPTsSPHWePMoCJS4AkF0yR2%2Fshubham1595009701091_2.jpg?alt=media&token=96b20c8d-4798-47cf-a09d-04ec42d8a78b&&girishhttps:\/\/firebasestorage.googleapis.com\/v0\/b\/lawnicstech-f06bc.appspot.com\/o\/queRTqPTsSPHWePMoCJS4AkF0yR2%2Fshubham1595009701091_3.jpg?alt=media&token=890191f1-0889-4136-b2d8-4deb46e9a7c2&&girishhttps:\/\/firebasestorage.googleapis.com\/v0\/b\/lawnicstech-f06bc.appspot.com\/o\/queRTqPTsSPHWePMoCJS4AkF0yR2%2Fshubham1595009701091_4.jpg?alt=media&token=c1a389f3-6e65-46f2-b021-9fee07ff29c9&&girishhttps:\/\/firebasestorage.googleapis.com\/v0\/b\/lawnicstech-f06bc.appspot.com\/o\/queRTqPTsSPHWePMoCJS4AkF0yR2%2Fshubham1595009701091_5.jpg?alt=media&token=fab6cd61-ea3f-4eee-88a4-e3ab5f4c8243&&girishhttps:\/\/firebasestorage.googleapis.com\/v0\/b\/lawnicstech-f06bc.appspot.com\/o\/queRTqPTsSPHWePMoCJS4AkF0yR2%2Fshubham1595009701091_6.jpg?alt=media&token=dce20976-3fe5-417f-abc3-712759cfee32&&girishhttps:\/\/firebasestorage.googleapis.com\/v0\/b\/lawnicstech-f06bc.appspot.com\/o\/queRTqPTsSPHWePMoCJS4AkF0yR2%2Fshubham1595009701091_7.jpg?alt=media&token=6cf47bb6-caf2-4aa9-a0cb-684388fc55a0&&girishhttps:\/\/firebasestorage.googleapis.com\/v0\/b\/lawnicstech-f06bc.appspot.com\/o\/queRTqPTsSPHWePMoCJS4AkF0yR2%2Fshubham1595009701091_8.jpg?alt=media&token=a8d6b780-8e47-4214-8e60-0bcf91ea5a7a&&girishhttps:\/\/firebasestorage.googleapis.com\/v0\/b\/lawnicstech-f06bc.appspot.com\/o\/queRTqPTsSPHWePMoCJS4AkF0yR2%2Fshubham1595009701091_9.jpg?alt=media&token=4ba238ea-1742-4f6c-b6b2-a1f6e463412f&&girishhttps:\/\/firebasestorage.googleapis.com\/v0\/b\/lawnicstech-f06bc.appspot.com\/o\/queRTqPTsSPHWePMoCJS4AkF0yR2%2Fshubham1595009701091_10.jpg?alt=media&token=b5719a32-f99c-44fc-9fa3-87271793cd0d&&girishhttps:\/\/firebasestorage.googleapis.com\/v0\/b\/lawnicstech-f06bc.appspot.com\/o\/queRTqPTsSPHWePMoCJS4AkF0yR2%2Fshubham1595009701091_11.jpg?alt=media&token=00dad391-81aa-4c2b-8e70-919fdee1c7c5&&girishhttps:\/\/firebasestorage.googleapis.com\/v0\/b\/lawnicstech-f06bc.appspot.com\/o\/queRTqPTsSPHWePMoCJS4AkF0yR2%2Fshubham1595009701091_12.jpg?alt=media&token=4c7e01ed-fd03-417a-ab0f-c27018bc18cd&&girishhttps:\/\/firebasestorage.googleapis.com\/v0\/b\/lawnicstech-f06bc.appspot.com\/o\/queRTqPTsSPHWePMoCJS4AkF0yR2%2Fshubham1595009701091_13.jpg?alt=media&token=3ba49a36-cf5b-468f-aa9e-81ddffdbf48b&&girish","imagesPathsLocal":"\/storage\/emulated\/0\/Android\/data\/com.lawnics.tech\/files\/File 0_1.jpg&&girish\/storage\/emulated\/0\/Android\/data\/com.lawnics.tech\/files\/File 0_2.jpg&&girish\/storage\/emulated\/0\/Android\/data\/com.lawnics.tech\/files\/File 0_3.jpg&&girish\/storage\/emulated\/0\/Android\/data\/com.lawnics.tech\/files\/File 0_4.jpg&&girish\/storage\/emulated\/0\/Android\/data\/com.lawnics.tech\/files\/File 0_5.jpg&&girish\/storage\/emulated\/0\/Android\/data\/com.lawnics.tech\/files\/File 0_6.jpg&&girish\/storage\/emulated\/0\/Android\/data\/com.lawnics.tech\/files\/File 0_7.jpg&&girish\/storage\/emulated\/0\/Android\/data\/com.lawnics.tech\/files\/File 0_0.jpg&&girish\/storage\/emulated\/0\/Android\/data\/com.lawnics.tech\/files\/File 0_8.jpg&&girish\/storage\/emulated\/0\/Android\/data\/com.lawnics.tech\/files\/File 0_9.jpg&&girish\/storage\/emulated\/0\/Android\/data\/com.lawnics.tech\/files\/File 0_10.jpg&&girish\/storage\/emulated\/0\/Android\/data\/com.lawnics.tech\/files\/File 0_11.jpg&&girish\/storage\/emulated\/0\/Android\/data\/com.lawnics.tech\/files\/File 0_12.jpg&&girish\/storage\/emulated\/0\/Android\/data\/com.lawnics.tech\/files\/File 0_13.jpg&&girish","pages":14,"paper_color":"Green Paper","service_charge":"0.28","status":"pending"}},"city":"Jaipur","designation":"lawyer","email":"sshubhamjoshi9@gmail.com","first_name":"Shubham","gender":"male","id0":"https:\/\/firebasestorage.googleapis.com\/v0\/b\/lawnicstech-f06bc.appspot.com\/o\/queRTqPTsSPHWePMoCJS4AkF0yR2%2FID0.jpg?alt=media&token=c5c1203b-09be-41b7-a7b7-614b9ccb609b","last_name":" Joshi","orders":{"2020_6_17":{"23_56":{"28ffbe3d5018":{"code":"null","confirmation_date_time":"null","order_type":"Standard Print","pick_up_date_time":"null","printing_date_time":"null","printing_partner_location":"26.784534,75.82253","printing_partner_name":"Shubham Shah","printing_partner_phone":"8160988146","printing_partner_uid":"lb23C0StFUPP00srL9u8rDEK0jJ3","reported":"no","shubham1595009701091":{"area":"Banipark","city":"Jaipur","copies":"1","credits":"28.28","credits_per_page":"2","file":"https:\/\/firebasestorage.googleapis.com\/v0\/b\/lawnicstech-f06bc.appspot.com\/o\/queRTqPTsSPHWePMoCJS4AkF0yR2%2Forder0.pdf?alt=media&token=91db01ed-e277-4c21-9367-babaf7d44adf","filename":"shubham1595009701091","gsm":"120 GSM","image":"https:\/\/firebasestorage.googleapis.com\/v0\/b\/lawnicstech-f06bc.appspot.com\/o\/queRTqPTsSPHWePMoCJS4AkF0yR2%2Fshubham1595009701091_1.jpg?alt=media&token=2fee47e4-ca2d-4cf1-956d-511f65e1db4c","imagesPaths":"https:\/\/firebasestorage.googleapis.com\/v0\/b\/lawnicstech-f06bc.appspot.com\/o\/queRTqPTsSPHWePMoCJS4AkF0yR2%2Fshubham1595009701091_1.jpg?alt=media&token=2fee47e4-ca2d-4cf1-956d-511f65e1db4c&&girishhttps:\/\/firebasestorage.googleapis.com\/v0\/b\/lawnicstech-f06bc.appspot.com\/o\/queRTqPTsSPHWePMoCJS4AkF0yR2%2Fshubham1595009701091_0.jpg?alt=media&token=46beac56-773b-4d2c-bb9a-8bf397302f87&&girishhttps:\/\/firebasestorage.googleapis.com\/v0\/b\/lawnicstech-f06bc.appspot.com\/o\/queRTqPTsSPHWePMoCJS4AkF0yR2%2Fshubham1595009701091_2.jpg?alt=media&token=96b20c8d-4798-47cf-a09d-04ec42d8a78b&&girishhttps:\/\/firebasestorage.googleapis.com\/v0\/b\/lawnicstech-f06bc.appspot.com\/o\/queRTqPTsSPHWePMoCJS4AkF0yR2%2Fshubham1595009701091_3.jpg?alt=media&token=890191f1-0889-4136-b2d8-4deb46e9a7c2&&girishhttps:\/\/firebasestorage.googleapis.com\/v0\/b\/lawnicstech-f06bc.appspot.com\/o\/queRTqPTsSPHWePMoCJS4AkF0yR2%2Fshubham1595009701091_4.jpg?alt=media&token=c1a389f3-6e65-46f2-b021-9fee07ff29c9&&girishhttps:\/\/firebasestorage.googleapis.com\/v0\/b\/lawnicstech-f06bc.appspot.com\/o\/queRTqPTsSPHWePMoCJS4AkF0yR2%2Fshubham1595009701091_5.jpg?alt=media&token=fab6cd61-ea3f-4eee-88a4-e3ab5f4c8243&&girishhttps:\/\/firebasestorage.googleapis.com\/v0\/b\/lawnicstech-f06bc.appspot.com\/o\/queRTqPTsSPHWePMoCJS4AkF0yR2%2Fshubham1595009701091_6.jpg?alt=media&token=dce20976-3fe5-417f-abc3-712759cfee32&&girishhttps:\/\/firebasestorage.googleapis.com\/v0\/b\/lawnicstech-f06bc.appspot.com\/o\/queRTqPTsSPHWePMoCJS4AkF0yR2%2Fshubham1595009701091_7.jpg?alt=media&token=6cf47bb6-caf2-4aa9-a0cb-684388fc55a0&&girishhttps:\/\/firebasestorage.googleapis.com\/v0\/b\/lawnicstech-f06bc.appspot.com\/o\/queRTqPTsSPHWePMoCJS4AkF0yR2%2Fshubham1595009701091_8.jpg?alt=media&token=a8d6b780-8e47-4214-8e60-0bcf91ea5a7a&&girishhttps:\/\/firebasestorage.googleapis.com\/v0\/b\/lawnicstech-f06bc.appspot.com\/o\/queRTqPTsSPHWePMoCJS4AkF0yR2%2Fshubham1595009701091_9.jpg?alt=media&token=4ba238ea-1742-4f6c-b6b2-a1f6e463412f&&girishhttps:\/\/firebasestorage.googleapis.com\/v0\/b\/lawnicstech-f06bc.appspot.com\/o\/queRTqPTsSPHWePMoCJS4AkF0yR2%2Fshubham1595009701091_10.jpg?alt=media&token=b5719a32-f99c-44fc-9fa3-87271793cd0d&&girishhttps:\/\/firebasestorage.googleapis.com\/v0\/b\/lawnicstech-f06bc.appspot.com\/o\/queRTqPTsSPHWePMoCJS4AkF0yR2%2Fshubham1595009701091_11.jpg?alt=media&token=00dad391-81aa-4c2b-8e70-919fdee1c7c5&&girishhttps:\/\/firebasestorage.googleapis.com\/v0\/b\/lawnicstech-f06bc.appspot.com\/o\/queRTqPTsSPHWePMoCJS4AkF0yR2%2Fshubham1595009701091_12.jpg?alt=media&token=4c7e01ed-fd03-417a-ab0f-c27018bc18cd&&girishhttps:\/\/firebasestorage.googleapis.com\/v0\/b\/lawnicstech-f06bc.appspot.com\/o\/queRTqPTsSPHWePMoCJS4AkF0yR2%2Fshubham1595009701091_13.jpg?alt=media&token=3ba49a36-cf5b-468f-aa9e-81ddffdbf48b&&girish","imagesPathsLocal":"\/storage\/emulated\/0\/Android\/data\/com.lawnics.tech\/files\/File 0_1.jpg&&girish\/storage\/emulated\/0\/Android\/data\/com.lawnics.tech\/files\/File 0_2.jpg&&girish\/storage\/emulated\/0\/Android\/data\/com.lawnics.tech\/files\/File 0_3.jpg&&girish\/storage\/emulated\/0\/Android\/data\/com.lawnics.tech\/files\/File 0_4.jpg&&girish\/storage\/emulated\/0\/Android\/data\/com.lawnics.tech\/files\/File 0_5.jpg&&girish\/storage\/emulated\/0\/Android\/data\/com.lawnics.tech\/files\/File 0_6.jpg&&girish\/storage\/emulated\/0\/Android\/data\/com.lawnics.tech\/files\/File 0_7.jpg&&girish\/storage\/emulated\/0\/Android\/data\/com.lawnics.tech\/files\/File 0_0.jpg&&girish\/storage\/emulated\/0\/Android\/data\/com.lawnics.tech\/files\/File 0_8.jpg&&girish\/storage\/emulated\/0\/Android\/data\/com.lawnics.tech\/files\/File 0_9.jpg&&girish\/storage\/emulated\/0\/Android\/data\/com.lawnics.tech\/files\/File 0_10.jpg&&girish\/storage\/emulated\/0\/Android\/data\/com.lawnics.tech\/files\/File 0_11.jpg&&girish\/storage\/emulated\/0\/Android\/data\/com.lawnics.tech\/files\/File 0_12.jpg&&girish\/storage\/emulated\/0\/Android\/data\/com.lawnics.tech\/files\/File 0_13.jpg&&girish","orientation":"Portrait","pages":"14","paper_color":"Green Paper","paper_side":"Single side","paper_size":"A4 size paper","print_color":"Black & White","service_charge":"0.28","status":"Under process"},"status":"pending","total_creds":"28"}}}},"profile":"https:\/\/firebasestorage.googleapis.com\/v0\/b\/lawnicstech-f06bc.appspot.com\/o\/queRTqPTsSPHWePMoCJS4AkF0yR2%2Fprofile.jpg?alt=media&token=8e979464-4e46-48ee-a734-9a65e2f3c2bf","state":"Rajasthan","transactions":{"2020_6_17":{"23_50_48":{"added_credits":"500","added_money":"100","current_credits":"0","status":"failed"},"23_52_4":{"added_credits":"500","added_money":"100","current_credits":"500","status":"success"}},"total_credits":"500"},"type":"Advocate"},"y5wsWaVZZFO2OG9dyk6UCcRhN4s1":{"DOB":"3\/3\/1998","Enrollment_Number":1264786,"address":"Gshzh 133","category":"Intern","city":"Jaipur","designation":"Senior Advocate","email":"apoorva10339@gmail.com","first_name":"Apoorva","gender":"Female","last_name":"Agarwal","state":"Rajasthan"}}