{"v":"5.7.6","fr":60,"ip":0,"op":480,"w":295,"h":301,"nm":"left field","ddd":0,"assets":[],"fonts":{"list":[{"fName":"Poppins-Bold","fFamily":"Poppins","fStyle":"Bold","ascent":73.9990234375},{"fName":"Helvetica","fFamily":"Helvetica","fStyle":"Regular","ascent":71.8994140625},{"fName":"Poppins-Regular","fFamily":"Poppins","fStyle":"Regular","ascent":73.9990234375}]},"layers":[{"ddd":0,"ind":1,"ty":5,"nm":"Document Editing","sr":1,"ks":{"o":{"a":0,"k":100,"ix":11},"r":{"a":0,"k":0,"ix":10},"p":{"a":0,"k":[82,157,0],"ix":2,"l":2},"a":{"a":0,"k":[0,0,0],"ix":1,"l":2},"s":{"a":0,"k":[100,100,100],"ix":6,"l":2}},"ao":0,"t":{"d":{"k":[{"s":{"s":18,"f":"Poppins-Regular","t":"Document Editing","ca":0,"j":0,"tr":0,"lh":21.6,"ls":0,"fc":[0.749,0.749,0.749]},"t":0}]},"p":{},"m":{"g":1,"a":{"a":0,"k":[0,0],"ix":2}},"a":[{"nm":"Animators","s":{"t":0,"xe":{"k":0},"ne":{"k":0},"a":{"k":100},"b":1,"sh":0,"s":{"k":0},"e":{"k":100},"o":{"k":0}},"a":{"fo":{"a":0,"k":100,"ix":10},"so":{"a":0,"k":0,"ix":11}}},{"nm":"Animator 1","s":{"t":0,"xe":{"a":0,"k":0,"ix":7},"ne":{"a":0,"k":0,"ix":8},"a":{"a":0,"k":100,"ix":4},"b":1,"rn":0,"sh":1,"r":1},"a":{"fc":{"a":1,"k":[{"i":{"x":[0.667],"y":[1]},"o":{"x":[0.333],"y":[0]},"t":372,"s":[0.749019622803,0.749019622803,0.749019622803,1]},{"t":383,"s":[0,0,0,1]}],"ix":12}}}]},"ip":0,"op":3600,"st":0,"bm":0},{"ddd":0,"ind":2,"ty":5,"nm":"Document Filtering","sr":1,"ks":{"o":{"a":0,"k":100,"ix":11},"r":{"a":0,"k":0,"ix":10},"p":{"a":0,"k":[82,281,0],"ix":2,"l":2},"a":{"a":0,"k":[0,0,0],"ix":1,"l":2},"s":{"a":0,"k":[100,100,100],"ix":6,"l":2}},"ao":0,"t":{"d":{"k":[{"s":{"s":18,"f":"Poppins-Regular","t":"Document Filtering","ca":0,"j":0,"tr":0,"lh":21.6,"ls":0,"fc":[0.749,0.749,0.749]},"t":0}]},"p":{},"m":{"g":1,"a":{"a":0,"k":[0,0],"ix":2}},"a":[{"nm":"Animators","s":{"t":0,"xe":{"k":0},"ne":{"k":0},"a":{"k":100},"b":1,"sh":0,"s":{"k":0},"e":{"k":100},"o":{"k":0}},"a":{"fo":{"a":0,"k":100,"ix":10},"so":{"a":0,"k":0,"ix":11}}}]},"ip":0,"op":3600,"st":0,"bm":0},{"ddd":0,"ind":3,"ty":5,"nm":"<empty text layer>","sr":1,"ks":{"o":{"a":0,"k":100,"ix":11},"r":{"a":0,"k":0,"ix":10},"p":{"a":0,"k":[77,145.5,0],"ix":2,"l":2},"a":{"a":0,"k":[0,0,0],"ix":1,"l":2},"s":{"a":0,"k":[100,100,100],"ix":6,"l":2}},"ao":0,"t":{"d":{"k":[{"s":{"s":194,"f":"Helvetica","t":"","ca":0,"j":0,"tr":25,"lh":232.8,"ls":0,"fc":[0.435,0.435,0.435]},"t":0}]},"p":{},"m":{"g":1,"a":{"a":0,"k":[0,0],"ix":2}},"a":[]},"ip":0,"op":480,"st":0,"bm":0},{"ddd":0,"ind":4,"ty":4,"nm":"Line two","sr":1,"ks":{"o":{"a":0,"k":100,"ix":11},"r":{"a":0,"k":0,"ix":10},"p":{"a":0,"k":[47,217,0],"ix":2,"l":2},"a":{"a":0,"k":[0,0,0],"ix":1,"l":2},"s":{"a":0,"k":[100,100,100],"ix":6,"l":2}},"ao":0,"shapes":[{"ty":"gr","it":[{"ind":0,"ty":"sh","ix":1,"ks":{"a":0,"k":{"i":[[0,0],[0,0]],"o":[[0,0],[0,0]],"v":[[0,-42.5],[0,42.5]],"c":false},"ix":2},"nm":"Path 1","mn":"ADBE Vector Shape - Group","hd":false},{"ty":"st","c":{"a":0,"k":[0,0.647058844566,0.345098048449,1],"ix":3},"o":{"a":0,"k":100,"ix":4},"w":{"a":0,"k":1,"ix":5},"lc":2,"lj":1,"ml":4,"bm":0,"d":[{"n":"d","nm":"dash","v":{"a":0,"k":5,"ix":1}},{"n":"g","nm":"gap","v":{"a":0,"k":6,"ix":2}}],"nm":"Stroke 1","mn":"ADBE Vector Graphic - Stroke","hd":false},{"ty":"tr","p":{"a":0,"k":[0,0],"ix":2},"a":{"a":0,"k":[0,0],"ix":1},"s":{"a":0,"k":[100,100],"ix":3},"r":{"a":0,"k":0,"ix":6},"o":{"a":0,"k":100,"ix":7},"sk":{"a":0,"k":0,"ix":4},"sa":{"a":0,"k":0,"ix":5},"nm":"Transform"}],"nm":"Line ","np":2,"cix":2,"bm":0,"ix":1,"mn":"ADBE Vector Group","hd":false},{"ty":"tm","s":{"a":0,"k":0,"ix":1},"e":{"a":1,"k":[{"i":{"x":[0.667],"y":[1]},"o":{"x":[0.333],"y":[0]},"t":385,"s":[0]},{"t":400,"s":[100]}],"ix":2},"o":{"a":0,"k":0,"ix":3},"m":1,"ix":2,"nm":"Trim Paths 1","mn":"ADBE Vector Filter - Trim","hd":false}],"ip":0,"op":480,"st":0,"bm":0},{"ddd":0,"ind":5,"ty":5,"nm":"3","sr":1,"ks":{"o":{"a":0,"k":100,"ix":11},"r":{"a":0,"k":0,"ix":10},"p":{"a":0,"k":[42.5,282,0],"ix":2,"l":2},"a":{"a":0,"k":[0,0,0],"ix":1,"l":2},"s":{"a":0,"k":[100,100,100],"ix":6,"l":2}},"ao":0,"t":{"d":{"k":[{"s":{"s":15,"f":"Poppins-Bold","t":"3","ca":0,"j":0,"tr":0,"lh":18,"ls":0,"fc":[0.749,0.749,0.749]},"t":0}]},"p":{},"m":{"g":1,"a":{"a":0,"k":[0,0],"ix":2}},"a":[{"nm":"Animators","s":{"t":0,"xe":{"k":0},"ne":{"k":0},"a":{"k":100},"b":1,"sh":0,"s":{"k":0},"e":{"k":100},"o":{"k":0}},"a":{"fo":{"a":0,"k":100,"ix":10},"so":{"a":0,"k":100,"ix":11}}},{"nm":"Animator 1","s":{"t":0,"xe":{"a":0,"k":0,"ix":7},"ne":{"a":0,"k":0,"ix":8},"a":{"a":0,"k":100,"ix":4},"b":1,"rn":0,"sh":1,"r":1},"a":{"fc":{"a":1,"k":[{"i":{"x":[0.667],"y":[1]},"o":{"x":[0.333],"y":[0]},"t":406,"s":[0.749019622803,0.749019622803,0.749019622803,1]},{"t":420,"s":[1,0.498039215803,0.313725501299,1]}],"ix":12}}}]},"ip":0,"op":480,"st":0,"bm":0},{"ddd":0,"ind":6,"ty":4,"nm":"tick three","sr":1,"ks":{"o":{"a":0,"k":0,"ix":11},"r":{"a":0,"k":0,"ix":10},"p":{"a":0,"k":[46.838,275.673,0],"ix":2,"l":2},"a":{"a":0,"k":[6.108,4.454,0],"ix":1,"l":2},"s":{"a":0,"k":[100,100,100],"ix":6,"l":2}},"ao":0,"shapes":[{"ty":"gr","it":[{"ind":0,"ty":"sh","ix":1,"ks":{"a":0,"k":{"i":[[0,0],[0,0],[0,0]],"o":[[0,0],[0,0],[0,0]],"v":[[0,5.64],[3.376,8.908],[12.216,0]],"c":false},"ix":2},"nm":"Path 1","mn":"ADBE Vector Shape - Group","hd":false},{"ty":"st","c":{"a":0,"k":[1,1,1,1],"ix":3},"o":{"a":0,"k":100,"ix":4},"w":{"a":0,"k":3,"ix":5},"lc":2,"lj":2,"bm":0,"nm":"Stroke 1","mn":"ADBE Vector Graphic - Stroke","hd":false},{"ty":"tr","p":{"a":0,"k":[0,0],"ix":2},"a":{"a":0,"k":[0,0],"ix":1},"s":{"a":0,"k":[100,100],"ix":3},"r":{"a":0,"k":0,"ix":6},"o":{"a":0,"k":100,"ix":7},"sk":{"a":0,"k":0,"ix":4},"sa":{"a":0,"k":0,"ix":5},"nm":"Transform"}],"nm":"tick three","np":3,"cix":2,"bm":0,"ix":1,"mn":"ADBE Vector Group","hd":false}],"ip":0,"op":480,"st":0,"bm":0},{"ddd":0,"ind":7,"ty":4,"nm":"outer three","sr":1,"ks":{"o":{"a":0,"k":100,"ix":11},"r":{"a":1,"k":[{"i":{"x":[0.833],"y":[0.833]},"o":{"x":[0.167],"y":[0.167]},"t":416,"s":[0]},{"t":456,"s":[355]}],"ix":10},"p":{"a":0,"k":[46.5,276,0],"ix":2,"l":2},"a":{"a":0,"k":[0,0,0],"ix":1,"l":2},"s":{"a":0,"k":[100,100,100],"ix":6,"l":2}},"ao":0,"shapes":[{"ty":"gr","it":[{"d":1,"ty":"el","s":{"a":0,"k":[30,30],"ix":2},"p":{"a":0,"k":[0,0],"ix":3},"nm":"Ellipse Path 1","mn":"ADBE Vector Shape - Ellipse","hd":false},{"ty":"st","c":{"a":1,"k":[{"i":{"x":[0.667],"y":[1]},"o":{"x":[0.333],"y":[0]},"t":410,"s":[0.647058823529,0.647058823529,0.647058823529,1]},{"t":420,"s":[1,0.498039215803,0.313725501299,1]}],"ix":3},"o":{"a":0,"k":100,"ix":4},"w":{"a":0,"k":1,"ix":5},"lc":1,"lj":1,"ml":4,"bm":0,"nm":"Stroke 1","mn":"ADBE Vector Graphic - Stroke","hd":false},{"ty":"op","nm":"Offset Paths 1","a":{"a":0,"k":-0.5,"ix":1},"lj":1,"ml":{"a":0,"k":4,"ix":3},"ix":3,"mn":"ADBE Vector Filter - Offset","hd":false},{"ty":"tr","p":{"a":0,"k":[0,0],"ix":2},"a":{"a":0,"k":[0,0],"ix":1},"s":{"a":0,"k":[100,100],"ix":3},"r":{"a":0,"k":0,"ix":6},"o":{"a":0,"k":100,"ix":7},"sk":{"a":0,"k":0,"ix":4},"sa":{"a":0,"k":0,"ix":5},"nm":"Transform"}],"nm":"outer two Stroke","np":3,"cix":2,"bm":0,"ix":1,"mn":"ADBE Vector Group","hd":false},{"ty":"gr","it":[{"d":1,"ty":"el","s":{"a":0,"k":[30,30],"ix":2},"p":{"a":0,"k":[0,0],"ix":3},"nm":"Ellipse Path 1","mn":"ADBE Vector Shape - Ellipse","hd":false},{"ty":"tr","p":{"a":0,"k":[0,0],"ix":2},"a":{"a":0,"k":[0,0],"ix":1},"s":{"a":0,"k":[100,100],"ix":3},"r":{"a":0,"k":0,"ix":6},"o":{"a":0,"k":100,"ix":7},"sk":{"a":0,"k":0,"ix":4},"sa":{"a":0,"k":0,"ix":5},"nm":"Transform"}],"nm":"outer two Fill","np":2,"cix":2,"bm":0,"ix":2,"mn":"ADBE Vector Group","hd":false},{"ty":"tm","s":{"a":0,"k":0,"ix":1},"e":{"a":1,"k":[{"i":{"x":[0.833],"y":[0.833]},"o":{"x":[0.167],"y":[0.167]},"t":414,"s":[100]},{"t":423,"s":[45]}],"ix":2},"o":{"a":0,"k":0,"ix":3},"m":1,"ix":3,"nm":"Trim Paths 1","mn":"ADBE Vector Filter - Trim","hd":false}],"ip":0,"op":480,"st":0,"bm":0},{"ddd":0,"ind":8,"ty":5,"nm":"2","sr":1,"ks":{"o":{"a":1,"k":[{"i":{"x":[0.667],"y":[1]},"o":{"x":[0.333],"y":[0]},"t":365,"s":[100]},{"t":377,"s":[0]}],"ix":11},"r":{"a":0,"k":0,"ix":10},"p":{"a":0,"k":[42.5,159,0],"ix":2,"l":2},"a":{"a":0,"k":[0,0,0],"ix":1,"l":2},"s":{"a":0,"k":[100,100,100],"ix":6,"l":2}},"ao":0,"t":{"d":{"k":[{"s":{"s":15,"f":"Poppins-Bold","t":"2","ca":0,"j":0,"tr":0,"lh":18,"ls":0,"fc":[0.749,0.749,0.749]},"t":0}]},"p":{},"m":{"g":1,"a":{"a":0,"k":[0,0],"ix":2}},"a":[{"nm":"Animators","s":{"t":0,"xe":{"k":0},"ne":{"k":0},"a":{"k":100},"b":1,"sh":0,"s":{"k":0},"e":{"k":100},"o":{"k":0}},"a":{"fo":{"a":0,"k":100,"ix":10},"so":{"a":0,"k":100,"ix":11}}},{"nm":"Animator 1","s":{"t":0,"xe":{"a":0,"k":0,"ix":7},"ne":{"a":0,"k":0,"ix":8},"a":{"a":0,"k":100,"ix":4},"b":1,"rn":0,"sh":1,"r":1},"a":{"fc":{"a":1,"k":[{"i":{"x":[0.667],"y":[1]},"o":{"x":[0.333],"y":[0]},"t":309,"s":[0.647058844566,0.647058844566,0.647058844566,1]},{"t":319,"s":[1,0.498039215803,0.313725501299,1]}],"ix":12}}}]},"ip":0,"op":480,"st":0,"bm":0},{"ddd":0,"ind":9,"ty":4,"nm":"tick two","sr":1,"ks":{"o":{"a":1,"k":[{"i":{"x":[0.667],"y":[1]},"o":{"x":[0.333],"y":[0]},"t":365,"s":[0]},{"t":371,"s":[100]}],"ix":11},"r":{"a":0,"k":0,"ix":10},"p":{"a":0,"k":[46.838,152.673,0],"ix":2,"l":2},"a":{"a":0,"k":[6.108,4.454,0],"ix":1,"l":2},"s":{"a":0,"k":[100,100,100],"ix":6,"l":2}},"ao":0,"shapes":[{"ty":"gr","it":[{"ind":0,"ty":"sh","ix":1,"ks":{"a":0,"k":{"i":[[0,0],[0,0],[0,0]],"o":[[0,0],[0,0],[0,0]],"v":[[0,5.64],[3.376,8.908],[12.216,0]],"c":false},"ix":2},"nm":"Path 1","mn":"ADBE Vector Shape - Group","hd":false},{"ty":"tm","s":{"a":0,"k":0,"ix":1},"e":{"a":1,"k":[{"i":{"x":[0.667],"y":[1]},"o":{"x":[0.333],"y":[0]},"t":367,"s":[0]},{"t":377,"s":[100]}],"ix":2},"o":{"a":0,"k":0,"ix":3},"m":1,"ix":2,"nm":"Trim Paths 1","mn":"ADBE Vector Filter - Trim","hd":false},{"ty":"st","c":{"a":0,"k":[0,0.647058844566,0.345098048449,1],"ix":3},"o":{"a":0,"k":100,"ix":4},"w":{"a":0,"k":3,"ix":5},"lc":2,"lj":2,"bm":0,"nm":"Stroke 1","mn":"ADBE Vector Graphic - Stroke","hd":false},{"ty":"tr","p":{"a":0,"k":[0,0],"ix":2},"a":{"a":0,"k":[0,0],"ix":1},"s":{"a":0,"k":[100,100],"ix":3},"r":{"a":0,"k":0,"ix":6},"o":{"a":0,"k":100,"ix":7},"sk":{"a":0,"k":0,"ix":4},"sa":{"a":0,"k":0,"ix":5},"nm":"Transform"}],"nm":"tick two","np":4,"cix":2,"bm":0,"ix":1,"mn":"ADBE Vector Group","hd":false}],"ip":0,"op":480,"st":0,"bm":0},{"ddd":0,"ind":10,"ty":5,"nm":"1","sr":1,"ks":{"o":{"a":1,"k":[{"i":{"x":[0.667],"y":[1]},"o":{"x":[0.333],"y":[0]},"t":225,"s":[100]},{"t":240,"s":[0]}],"ix":11},"r":{"a":0,"k":0,"ix":10},"p":{"a":0,"k":[43.5,31,0],"ix":2,"l":2},"a":{"a":0,"k":[0,0,0],"ix":1,"l":2},"s":{"a":0,"k":[100,100,100],"ix":6,"l":2}},"ao":0,"t":{"d":{"k":[{"s":{"s":15,"f":"Poppins-Bold","t":"1","ca":0,"j":0,"tr":0,"lh":18,"ls":0,"fc":[1,0.498,0.314]},"t":0}]},"p":{},"m":{"g":1,"a":{"a":0,"k":[0,0],"ix":2}},"a":[{"nm":"Animators","s":{"t":0,"xe":{"k":0},"ne":{"k":0},"a":{"k":100},"b":1,"sh":0,"s":{"k":0},"e":{"k":100},"o":{"k":0}},"a":{"fo":{"a":0,"k":100,"ix":10},"so":{"a":0,"k":100,"ix":11}}}]},"ip":0,"op":480,"st":0,"bm":0},{"ddd":0,"ind":11,"ty":4,"nm":"tick one","sr":1,"ks":{"o":{"a":1,"k":[{"i":{"x":[0.833],"y":[0.833]},"o":{"x":[0.167],"y":[0.167]},"t":225,"s":[100]},{"t":234,"s":[100]}],"ix":11},"r":{"a":0,"k":0,"ix":10},"p":{"a":0,"k":[46.838,24.673,0],"ix":2,"l":2},"a":{"a":0,"k":[6.108,4.454,0],"ix":1,"l":2},"s":{"a":0,"k":[100,100,100],"ix":6,"l":2}},"ao":0,"shapes":[{"ty":"gr","it":[{"ind":0,"ty":"sh","ix":1,"ks":{"a":0,"k":{"i":[[0,0],[0,0],[0,0]],"o":[[0,0],[0,0],[0,0]],"v":[[0,5.64],[3.376,8.908],[12.216,0]],"c":false},"ix":2},"nm":"Path 1","mn":"ADBE Vector Shape - Group","hd":false},{"ty":"st","c":{"a":0,"k":[0,0.647058844566,0.345098048449,1],"ix":3},"o":{"a":0,"k":100,"ix":4},"w":{"a":0,"k":3,"ix":5},"lc":2,"lj":2,"bm":0,"nm":"Stroke 1","mn":"ADBE Vector Graphic - Stroke","hd":false},{"ty":"tr","p":{"a":0,"k":[0,0],"ix":2},"a":{"a":0,"k":[0,0],"ix":1},"s":{"a":0,"k":[100,100],"ix":3},"r":{"a":0,"k":0,"ix":6},"o":{"a":0,"k":100,"ix":7},"sk":{"a":0,"k":0,"ix":4},"sa":{"a":0,"k":0,"ix":5},"nm":"Transform"}],"nm":"tick one","np":3,"cix":2,"bm":0,"ix":1,"mn":"ADBE Vector Group","hd":false},{"ty":"tm","s":{"a":0,"k":0,"ix":1},"e":{"a":1,"k":[{"i":{"x":[0.667],"y":[1]},"o":{"x":[0.333],"y":[0]},"t":225,"s":[0]},{"t":240,"s":[100]}],"ix":2},"o":{"a":0,"k":0,"ix":3},"m":1,"ix":2,"nm":"Trim Paths 1","mn":"ADBE Vector Filter - Trim","hd":false}],"ip":0,"op":480,"st":0,"bm":0},{"ddd":0,"ind":12,"ty":4,"nm":"outer two","sr":1,"ks":{"o":{"a":0,"k":100,"ix":11},"r":{"a":1,"k":[{"i":{"x":[0.495],"y":[1.002]},"o":{"x":[0.551],"y":[0.006]},"t":313,"s":[0]},{"t":361,"s":[249]}],"ix":10},"p":{"a":0,"k":[46.5,153,0],"ix":2,"l":2},"a":{"a":0,"k":[0,0,0],"ix":1,"l":2},"s":{"a":0,"k":[100,100,100],"ix":6,"l":2}},"ao":0,"shapes":[{"ty":"gr","it":[{"d":1,"ty":"el","s":{"a":0,"k":[30,30],"ix":2},"p":{"a":0,"k":[0,0],"ix":3},"nm":"Ellipse Path 1","mn":"ADBE Vector Shape - Ellipse","hd":false},{"ty":"st","c":{"a":1,"k":[{"i":{"x":[0.667],"y":[1]},"o":{"x":[0.333],"y":[0]},"t":309,"s":[0.647058844566,0.647058844566,0.647058844566,1]},{"i":{"x":[0.667],"y":[1]},"o":{"x":[0.333],"y":[0]},"t":319,"s":[1,0.498039215803,0.313725501299,1]},{"i":{"x":[0.667],"y":[1]},"o":{"x":[0.333],"y":[0]},"t":367,"s":[1,0.498039215803,0.313725501299,1]},{"t":375,"s":[0,0.647058844566,0.345098048449,1]}],"ix":3},"o":{"a":0,"k":100,"ix":4},"w":{"a":0,"k":1,"ix":5},"lc":1,"lj":1,"ml":4,"bm":0,"nm":"Stroke 1","mn":"ADBE Vector Graphic - Stroke","hd":false},{"ty":"op","nm":"Offset Paths 1","a":{"a":0,"k":-0.5,"ix":1},"lj":1,"ml":{"a":0,"k":4,"ix":3},"ix":3,"mn":"ADBE Vector Filter - Offset","hd":false},{"ty":"tr","p":{"a":0,"k":[0,0],"ix":2},"a":{"a":0,"k":[0,0],"ix":1},"s":{"a":0,"k":[100,100],"ix":3},"r":{"a":0,"k":0,"ix":6},"o":{"a":0,"k":100,"ix":7},"sk":{"a":0,"k":0,"ix":4},"sa":{"a":0,"k":0,"ix":5},"nm":"Transform"}],"nm":"outer two Stroke","np":3,"cix":2,"bm":0,"ix":1,"mn":"ADBE Vector Group","hd":false},{"ty":"gr","it":[{"d":1,"ty":"el","s":{"a":0,"k":[30,30],"ix":2},"p":{"a":0,"k":[0,0],"ix":3},"nm":"Ellipse Path 1","mn":"ADBE Vector Shape - Ellipse","hd":false},{"ty":"tr","p":{"a":0,"k":[0,0],"ix":2},"a":{"a":0,"k":[0,0],"ix":1},"s":{"a":0,"k":[100,100],"ix":3},"r":{"a":0,"k":0,"ix":6},"o":{"a":0,"k":100,"ix":7},"sk":{"a":0,"k":0,"ix":4},"sa":{"a":0,"k":0,"ix":5},"nm":"Transform"}],"nm":"outer two Fill","np":2,"cix":2,"bm":0,"ix":2,"mn":"ADBE Vector Group","hd":false},{"ty":"tm","s":{"a":1,"k":[{"i":{"x":[0.667],"y":[1]},"o":{"x":[0.333],"y":[0]},"t":325,"s":[0]},{"i":{"x":[0.667],"y":[1]},"o":{"x":[0.333],"y":[0]},"t":334,"s":[79]},{"i":{"x":[0.833],"y":[1]},"o":{"x":[0.333],"y":[0]},"t":361,"s":[79]},{"t":373,"s":[0]}],"ix":1},"e":{"a":0,"k":99,"ix":2},"o":{"a":0,"k":0,"ix":3},"m":1,"ix":3,"nm":"Trim Paths 1","mn":"ADBE Vector Filter - Trim","hd":false}],"ip":0,"op":480,"st":0,"bm":0},{"ddd":0,"ind":13,"ty":4,"nm":"outer one","sr":1,"ks":{"o":{"a":0,"k":100,"ix":11},"r":{"a":1,"k":[{"i":{"x":[0.667],"y":[1]},"o":{"x":[0.333],"y":[0]},"t":0,"s":[64]},{"t":209,"s":[2016]}],"ix":10},"p":{"a":0,"k":[46.5,25,0],"ix":2,"l":2},"a":{"a":0,"k":[0,0,0],"ix":1,"l":2},"s":{"a":0,"k":[100,100,100],"ix":6,"l":2}},"ao":0,"shapes":[{"ty":"gr","it":[{"d":1,"ty":"el","s":{"a":0,"k":[30,30],"ix":2},"p":{"a":0,"k":[0,0],"ix":3},"nm":"Ellipse Path 1","mn":"ADBE Vector Shape - Ellipse","hd":false},{"ty":"st","c":{"a":1,"k":[{"i":{"x":[0.667],"y":[1]},"o":{"x":[0.333],"y":[0]},"t":226,"s":[1,0.498039215686,0.313725490196,1]},{"t":239,"s":[0,0.647058844566,0.345098048449,1]}],"ix":3},"o":{"a":0,"k":100,"ix":4},"w":{"a":0,"k":1,"ix":5},"lc":1,"lj":1,"ml":4,"bm":0,"nm":"Stroke 1","mn":"ADBE Vector Graphic - Stroke","hd":false},{"ty":"op","nm":"Offset Paths 1","a":{"a":0,"k":-0.5,"ix":1},"lj":1,"ml":{"a":0,"k":4,"ix":3},"ix":3,"mn":"ADBE Vector Filter - Offset","hd":false},{"ty":"tr","p":{"a":0,"k":[0,0],"ix":2},"a":{"a":0,"k":[0,0],"ix":1},"s":{"a":0,"k":[100,100],"ix":3},"r":{"a":0,"k":0,"ix":6},"o":{"a":0,"k":100,"ix":7},"sk":{"a":0,"k":0,"ix":4},"sa":{"a":0,"k":0,"ix":5},"nm":"Transform"}],"nm":"outer one Stroke","np":3,"cix":2,"bm":0,"ix":1,"mn":"ADBE Vector Group","hd":false},{"ty":"gr","it":[{"d":1,"ty":"el","s":{"a":0,"k":[30,30],"ix":2},"p":{"a":0,"k":[0,0],"ix":3},"nm":"Ellipse Path 1","mn":"ADBE Vector Shape - Ellipse","hd":false},{"ty":"tr","p":{"a":0,"k":[0,0],"ix":2},"a":{"a":0,"k":[0,0],"ix":1},"s":{"a":0,"k":[100,100],"ix":3},"r":{"a":0,"k":0,"ix":6},"o":{"a":0,"k":100,"ix":7},"sk":{"a":0,"k":0,"ix":4},"sa":{"a":0,"k":0,"ix":5},"nm":"Transform"}],"nm":"outer one Fill","np":2,"cix":2,"bm":0,"ix":2,"mn":"ADBE Vector Group","hd":false},{"ty":"tm","s":{"a":1,"k":[{"i":{"x":[0.667],"y":[1]},"o":{"x":[0.333],"y":[0]},"t":211,"s":[11]},{"t":240,"s":[0]}],"ix":1},"e":{"a":1,"k":[{"i":{"x":[0.667],"y":[1]},"o":{"x":[0.333],"y":[0]},"t":211,"s":[38]},{"t":240,"s":[100]}],"ix":2},"o":{"a":0,"k":0,"ix":3},"m":1,"ix":3,"nm":"Trim Paths 1","mn":"ADBE Vector Filter - Trim","hd":false}],"ip":0,"op":480,"st":0,"bm":0},{"ddd":0,"ind":14,"ty":4,"nm":"document scanning","sr":1,"ks":{"o":{"a":0,"k":100,"ix":11},"r":{"a":0,"k":0,"ix":10},"p":{"a":0,"k":[172.543,27.581,0],"ix":2,"l":2},"a":{"a":0,"k":[90.657,9.279,0],"ix":1,"l":2},"s":{"a":0,"k":[100,100,100],"ix":6,"l":2}},"ao":0,"shapes":[{"ty":"gr","it":[{"ind":0,"ty":"sh","ix":1,"ks":{"a":0,"k":{"i":[[4.122,0],[0,0],[0,0],[0,0],[0,3.888]],"o":[[0,0],[0,0],[0,0],[4.122,0],[0,-3.888]],"v":[[3.906,1.152],[0,1.152],[0,13.698],[3.906,13.698],[10.566,7.452]],"c":true},"ix":2},"nm":"Path 1","mn":"ADBE Vector Shape - Group","hd":false},{"ind":1,"ty":"sh","ix":2,"ks":{"a":0,"k":{"i":[[0,0],[0,0],[0,0],[0,-3.06],[3.276,0]],"o":[[0,0],[0,0],[3.276,0],[0,3.06],[0,0]],"v":[[1.638,12.348],[1.638,2.484],[3.906,2.484],[8.892,7.452],[3.906,12.348]],"c":true},"ix":2},"nm":"Path 2","mn":"ADBE Vector Shape - Group","hd":false},{"ind":2,"ty":"sh","ix":3,"ks":{"a":0,"k":{"i":[[0,3.132],[2.808,0],[0,-3.114],[-2.79,0]],"o":[[0,-3.114],[-2.79,0],[0,3.132],[2.808,0]],"v":[[22.086,8.748],[17.1,3.672],[12.114,8.748],[17.028,13.86]],"c":true},"ix":2},"nm":"Path 3","mn":"ADBE Vector Shape - Group","hd":false},{"ind":3,"ty":"sh","ix":4,"ks":{"a":0,"k":{"i":[[0,2.502],[-1.728,0],[0,-2.484],[1.71,0]],"o":[[0,-2.484],[1.692,0],[0,2.502],[-1.71,0]],"v":[[13.788,8.748],[17.082,5.094],[20.412,8.748],[17.028,12.42]],"c":true},"ix":2},"nm":"Path 4","mn":"ADBE Vector Shape - Group","hd":false},{"ind":4,"ty":"sh","ix":5,"ks":{"a":0,"k":{"i":[[0,-3.096],[-2.808,0],[-0.504,1.962],[0,0],[1.458,0],[0,2.448],[-1.8,0],[-0.342,-1.188],[0,0],[2.448,0]],"o":[[0,3.132],[2.448,0],[0,0],[-0.36,1.242],[-1.8,0],[0,-2.412],[1.458,0],[0,0],[-0.504,-2.07],[-2.808,0]],"v":[[23.634,8.748],[28.44,13.86],[32.994,10.53],[31.23,10.53],[28.44,12.474],[25.308,8.748],[28.44,5.058],[31.23,7.002],[32.994,7.002],[28.44,3.672]],"c":true},"ix":2},"nm":"Path 5","mn":"ADBE Vector Shape - Group","hd":false},{"ind":5,"ty":"sh","ix":6,"ks":{"a":0,"k":{"i":[[0,0],[0,0],[0,0],[1.692,0],[0,1.998],[0,0],[0,0],[0,0],[-2.268,0],[-0.63,1.026],[0,0],[0,0]],"o":[[0,0],[0,0],[0,2.124],[-1.656,0],[0,0],[0,0],[0,0],[0,2.826],[1.314,0],[0,0],[0,0],[0,0]],"v":[[43.92,3.834],[42.282,3.834],[42.282,9.252],[39.456,12.42],[36.702,9.396],[36.702,3.834],[35.082,3.834],[35.082,9.612],[39.132,13.842],[42.282,12.24],[42.282,13.698],[43.92,13.698]],"c":true},"ix":2},"nm":"Path 6","mn":"ADBE Vector Shape - Group","hd":false},{"ind":6,"ty":"sh","ix":7,"ks":{"a":0,"k":{"i":[[0,0],[0,0],[0,0],[2.25,0],[0.576,-1.422],[1.62,0],[0.648,-1.044],[0,0],[0,0],[0,0],[0,0],[0,0],[-1.656,0],[0,-2.016],[0,0],[0,0],[0,0],[-1.656,0],[0,-2.016]],"o":[[0,0],[0,0],[0,-2.826],[-1.512,0],[-0.648,-1.476],[-1.296,0],[0,0],[0,0],[0,0],[0,0],[0,0],[0,-2.124],[1.62,0],[0,0],[0,0],[0,0],[0,-2.124],[1.62,0],[0,0]],"v":[[60.93,13.698],[62.55,13.698],[62.55,7.884],[58.554,3.654],[55.062,5.85],[51.444,3.654],[48.33,5.256],[48.33,3.834],[46.692,3.834],[46.692,13.698],[48.33,13.698],[48.33,8.262],[51.12,5.076],[53.82,8.118],[53.82,13.698],[55.44,13.698],[55.44,8.262],[58.23,5.076],[60.93,8.118]],"c":true},"ix":2},"nm":"Path 7","mn":"ADBE Vector Shape - Group","hd":false},{"ind":7,"ty":"sh","ix":8,"ks":{"a":0,"k":{"i":[[-1.602,0],[0.018,-1.926],[0,0]],"o":[[1.692,0],[0,0],[0.18,-1.926]],"v":[[69.426,5.058],[72.54,8.046],[66.312,8.046]],"c":true},"ix":2},"nm":"Path 8","mn":"ADBE Vector Shape - Group","hd":false},{"ind":8,"ty":"sh","ix":9,"ks":{"a":0,"k":{"i":[[-0.504,1.8],[0,0],[1.476,0],[0.126,1.998],[0,0],[0,0.36],[2.862,0],[0,-3.114],[-2.808,0]],"o":[[0,0],[-0.36,1.062],[-1.674,0],[0,0],[0.036,-0.342],[0,-2.7],[-2.88,0],[0,3.132],[2.448,0]],"v":[[74.034,10.656],[72.27,10.656],[69.498,12.474],[66.294,9.378],[74.178,9.378],[74.232,8.388],[69.498,3.672],[64.62,8.748],[69.498,13.86]],"c":true},"ix":2},"nm":"Path 9","mn":"ADBE Vector Shape - Group","hd":false},{"ind":9,"ty":"sh","ix":10,"ks":{"a":0,"k":{"i":[[0,0],[0,0],[0,0],[2.286,0],[0.648,-1.026],[0,0],[0,0],[0,0],[0,0],[0,0],[-1.674,0],[0,-2.016]],"o":[[0,0],[0,0],[0,-2.826],[-1.332,0],[0,0],[0,0],[0,0],[0,0],[0,0],[0,-2.124],[1.656,0],[0,0]],"v":[[83.61,13.698],[85.23,13.698],[85.23,7.884],[81.198,3.654],[78.03,5.238],[78.03,3.834],[76.392,3.834],[76.392,13.698],[78.03,13.698],[78.03,8.244],[80.856,5.076],[83.61,8.118]],"c":true},"ix":2},"nm":"Path 10","mn":"ADBE Vector Shape - Group","hd":false},{"ind":10,"ty":"sh","ix":11,"ks":{"a":0,"k":{"i":[[0,0],[-1.746,0],[0,0],[0,0],[0,0],[0,0.972],[0,0],[0,0],[0,0],[0,0],[0,0],[0,0],[0,0],[0,0],[0,0],[0,0]],"o":[[0,1.98],[0,0],[0,0],[0,0],[-1.008,0],[0,0],[0,0],[0,0],[0,0],[0,0],[0,0],[0,0],[0,0],[0,0],[0,0],[0,0]],"v":[[88.272,10.998],[91.008,13.698],[92.484,13.698],[92.484,12.312],[91.278,12.312],[89.91,10.998],[89.91,5.184],[92.484,5.184],[92.484,3.834],[89.91,3.834],[89.91,1.35],[88.272,1.35],[88.272,3.834],[86.994,3.834],[86.994,5.184],[88.272,5.184]],"c":true},"ix":2},"nm":"Path 11","mn":"ADBE Vector Shape - Group","hd":false},{"ind":11,"ty":"sh","ix":12,"ks":{"a":0,"k":{"i":[[0,1.782],[0,3.24],[-1.35,-0.036],[-0.108,-0.846],[0,0],[2.394,0],[0,-2.07],[0,-3.384],[1.584,0],[0.108,1.044],[0,0],[-2.52,0]],"o":[[0,-4.644],[0,-1.35],[1.53,0.018],[0,0],[-0.198,-1.908],[-2.484,0],[0,4.662],[0,1.188],[-1.746,0],[0,0],[0.036,2.07],[2.718,0]],"v":[[107.424,10.278],[100.656,4.41],[103.068,2.394],[105.498,4.212],[107.298,4.212],[103.14,0.99],[98.982,4.464],[105.768,10.35],[103.248,12.438],[100.656,10.35],[98.91,10.35],[103.248,13.824]],"c":true},"ix":2},"nm":"Path 12","mn":"ADBE Vector Shape - Group","hd":false},{"ind":12,"ty":"sh","ix":13,"ks":{"a":0,"k":{"i":[[0,-3.096],[-2.808,0],[-0.504,1.962],[0,0],[1.458,0],[0,2.448],[-1.8,0],[-0.342,-1.188],[0,0],[2.448,0]],"o":[[0,3.132],[2.448,0],[0,0],[-0.36,1.242],[-1.8,0],[0,-2.412],[1.458,0],[0,0],[-0.504,-2.07],[-2.808,0]],"v":[[109.224,8.748],[114.03,13.86],[118.584,10.53],[116.82,10.53],[114.03,12.474],[110.898,8.748],[114.03,5.058],[116.82,7.002],[118.584,7.002],[114.03,3.672]],"c":true},"ix":2},"nm":"Path 13","mn":"ADBE Vector Shape - Group","hd":false},{"ind":13,"ty":"sh","ix":14,"ks":{"a":0,"k":{"i":[[0,-3.078],[-2.628,0],[-0.594,1.062],[0,0],[0,0],[0,0],[0,0],[0,0],[1.836,0]],"o":[[0,3.06],[1.818,0],[0,0],[0,0],[0,0],[0,0],[0,0],[-0.576,-1.026],[-2.646,0]],"v":[[120.15,8.73],[124.812,13.86],[128.502,11.862],[128.502,13.698],[130.158,13.698],[130.158,3.834],[128.502,3.834],[128.502,5.634],[124.83,3.672]],"c":true},"ix":2},"nm":"Path 14","mn":"ADBE Vector Shape - Group","hd":false},{"ind":14,"ty":"sh","ix":15,"ks":{"a":0,"k":{"i":[[0,-2.286],[1.8,0],[0,2.322],[-1.8,0]],"o":[[0,2.322],[-1.8,0],[0,-2.322],[1.8,0]],"v":[[128.502,8.748],[125.154,12.42],[121.824,8.73],[125.154,5.094]],"c":true},"ix":2},"nm":"Path 15","mn":"ADBE Vector Shape - Group","hd":false},{"ind":15,"ty":"sh","ix":16,"ks":{"a":0,"k":{"i":[[0,0],[0,0],[0,0],[2.286,0],[0.648,-1.026],[0,0],[0,0],[0,0],[0,0],[0,0],[-1.674,0],[0,-2.016]],"o":[[0,0],[0,0],[0,-2.826],[-1.332,0],[0,0],[0,0],[0,0],[0,0],[0,0],[0,-2.124],[1.656,0],[0,0]],"v":[[140.148,13.698],[141.768,13.698],[141.768,7.884],[137.736,3.654],[134.568,5.238],[134.568,3.834],[132.93,3.834],[132.93,13.698],[134.568,13.698],[134.568,8.244],[137.394,5.076],[140.148,8.118]],"c":true},"ix":2},"nm":"Path 16","mn":"ADBE Vector Shape - Group","hd":false},{"ind":16,"ty":"sh","ix":17,"ks":{"a":0,"k":{"i":[[0,0],[0,0],[0,0],[2.286,0],[0.648,-1.026],[0,0],[0,0],[0,0],[0,0],[0,0],[-1.674,0],[0,-2.016]],"o":[[0,0],[0,0],[0,-2.826],[-1.332,0],[0,0],[0,0],[0,0],[0,0],[0,0],[0,-2.124],[1.656,0],[0,0]],"v":[[151.668,13.698],[153.288,13.698],[153.288,7.884],[149.256,3.654],[146.088,5.238],[146.088,3.834],[144.45,3.834],[144.45,13.698],[146.088,13.698],[146.088,8.244],[148.914,5.076],[151.668,8.118]],"c":true},"ix":2},"nm":"Path 17","mn":"ADBE Vector Shape - Group","hd":false},{"ind":17,"ty":"sh","ix":18,"ks":{"a":0,"k":{"i":[[0,0],[0,0],[0,0],[0,0]],"o":[[0,0],[0,0],[0,0],[0,0]],"v":[[155.97,13.698],[157.608,13.698],[157.608,3.834],[155.97,3.834]],"c":true},"ix":2},"nm":"Path 18","mn":"ADBE Vector Shape - Group","hd":false},{"ind":18,"ty":"sh","ix":19,"ks":{"a":0,"k":{"i":[[-0.63,0],[0,0.63],[0.594,0],[0,-0.63]],"o":[[0.594,0],[0,-0.63],[-0.63,0],[0,0.63]],"v":[[156.816,2.232],[157.896,1.116],[156.816,0],[155.7,1.116]],"c":true},"ix":2},"nm":"Path 19","mn":"ADBE Vector Shape - Group","hd":false},{"ind":19,"ty":"sh","ix":20,"ks":{"a":0,"k":{"i":[[0,0],[0,0],[0,0],[2.286,0],[0.648,-1.026],[0,0],[0,0],[0,0],[0,0],[0,0],[-1.674,0],[0,-2.016]],"o":[[0,0],[0,0],[0,-2.826],[-1.332,0],[0,0],[0,0],[0,0],[0,0],[0,0],[0,-2.124],[1.656,0],[0,0]],"v":[[167.616,13.698],[169.236,13.698],[169.236,7.884],[165.204,3.654],[162.036,5.238],[162.036,3.834],[160.398,3.834],[160.398,13.698],[162.036,13.698],[162.036,8.244],[164.862,5.076],[167.616,8.118]],"c":true},"ix":2},"nm":"Path 20","mn":"ADBE Vector Shape - Group","hd":false},{"ind":20,"ty":"sh","ix":21,"ks":{"a":0,"k":{"i":[[0,-3.078],[-2.646,0],[-0.594,1.062],[0,0],[1.746,0],[0.36,1.188],[0,0],[-2.592,0],[0,2.718],[0,0],[0,0],[0,0],[1.8,0]],"o":[[0,3.06],[1.8,0],[0,0],[0,2.106],[-1.62,0],[0,0],[0.324,2.106],[2.898,0],[0,0],[0,0],[0,0],[-0.576,-1.062],[-2.646,0]],"v":[[171.306,8.73],[175.986,13.86],[179.658,11.844],[179.658,13.914],[176.598,17.136],[173.448,15.138],[171.828,15.138],[176.598,18.558],[181.314,13.914],[181.314,3.834],[179.658,3.834],[179.658,5.634],[175.986,3.672]],"c":true},"ix":2},"nm":"Path 21","mn":"ADBE Vector Shape - Group","hd":false},{"ind":21,"ty":"sh","ix":22,"ks":{"a":0,"k":{"i":[[0,-2.286],[1.8,0],[0,2.322],[-1.8,0]],"o":[[0,2.322],[-1.8,0],[0,-2.322],[1.8,0]],"v":[[179.658,8.748],[176.31,12.42],[172.98,8.73],[176.31,5.094]],"c":true},"ix":2},"nm":"Path 22","mn":"ADBE Vector Shape - Group","hd":false},{"ty":"fl","c":{"a":0,"k":[0,0,0,1],"ix":4},"o":{"a":0,"k":100,"ix":5},"r":1,"bm":0,"nm":"Fill 1","mn":"ADBE Vector Graphic - Fill","hd":false},{"ty":"tr","p":{"a":0,"k":[0,0],"ix":2},"a":{"a":0,"k":[0,0],"ix":1},"s":{"a":0,"k":[100,100],"ix":3},"r":{"a":0,"k":0,"ix":6},"o":{"a":0,"k":100,"ix":7},"sk":{"a":0,"k":0,"ix":4},"sa":{"a":0,"k":0,"ix":5},"nm":"Transform"}],"nm":"document scanning","np":23,"cix":2,"bm":0,"ix":1,"mn":"ADBE Vector Group","hd":false}],"ip":0,"op":480,"st":0,"bm":0},{"ddd":0,"ind":15,"ty":4,"nm":"Line one","sr":1,"ks":{"o":{"a":0,"k":100,"ix":11},"r":{"a":0,"k":0,"ix":10},"p":{"a":0,"k":[47,89,0],"ix":2,"l":2},"a":{"a":0,"k":[0,0,0],"ix":1,"l":2},"s":{"a":0,"k":[100,100,100],"ix":6,"l":2}},"ao":0,"shapes":[{"ty":"gr","it":[{"ind":0,"ty":"sh","ix":1,"ks":{"a":0,"k":{"i":[[0,0],[0,0]],"o":[[0,0],[0,0]],"v":[[0,-42.5],[0,42.5]],"c":false},"ix":2},"nm":"Path 1","mn":"ADBE Vector Shape - Group","hd":false},{"ty":"st","c":{"a":0,"k":[0,0.647058844566,0.345098048449,1],"ix":3},"o":{"a":0,"k":100,"ix":4},"w":{"a":0,"k":1,"ix":5},"lc":2,"lj":1,"ml":4,"bm":0,"d":[{"n":"d","nm":"dash","v":{"a":0,"k":5,"ix":1}},{"n":"g","nm":"gap","v":{"a":0,"k":6,"ix":2}}],"nm":"Stroke 1","mn":"ADBE Vector Graphic - Stroke","hd":false},{"ty":"tr","p":{"a":0,"k":[0,0],"ix":2},"a":{"a":0,"k":[0,0],"ix":1},"s":{"a":0,"k":[100,100],"ix":3},"r":{"a":0,"k":0,"ix":6},"o":{"a":0,"k":100,"ix":7},"sk":{"a":0,"k":0,"ix":4},"sa":{"a":0,"k":0,"ix":5},"nm":"Transform"}],"nm":"Line ","np":2,"cix":2,"bm":0,"ix":1,"mn":"ADBE Vector Group","hd":false},{"ty":"tm","s":{"a":0,"k":0,"ix":1},"e":{"a":1,"k":[{"i":{"x":[0.401],"y":[0.994]},"o":{"x":[0.658],"y":[-0.001]},"t":270,"s":[0]},{"t":299,"s":[100]}],"ix":2},"o":{"a":0,"k":0,"ix":3},"m":1,"ix":2,"nm":"Trim Paths 1","mn":"ADBE Vector Filter - Trim","hd":false}],"ip":0,"op":480,"st":0,"bm":0},{"ddd":0,"ind":16,"ty":4,"nm":"Ellipse two","sr":1,"ks":{"o":{"a":0,"k":17.487,"ix":11},"r":{"a":0,"k":0,"ix":10},"p":{"a":0,"k":[46.5,153,0],"ix":2,"l":2},"a":{"a":0,"k":[0,0,0],"ix":1,"l":2},"s":{"a":0,"k":[100,100,100],"ix":6,"l":2}},"ao":0,"shapes":[{"ty":"gr","it":[{"d":1,"ty":"el","s":{"a":0,"k":[30,30],"ix":2},"p":{"a":0,"k":[0,0],"ix":3},"nm":"Ellipse Path 1","mn":"ADBE Vector Shape - Ellipse","hd":false},{"ty":"op","nm":"Offset Paths 1","a":{"a":0,"k":-0.5,"ix":1},"lj":1,"ml":{"a":0,"k":4,"ix":3},"ix":3,"mn":"ADBE Vector Filter - Offset","hd":false},{"ty":"tr","p":{"a":0,"k":[0,0],"ix":2},"a":{"a":0,"k":[0,0],"ix":1},"s":{"a":0,"k":[100,100],"ix":3},"r":{"a":0,"k":0,"ix":6},"o":{"a":0,"k":100,"ix":7},"sk":{"a":0,"k":0,"ix":4},"sa":{"a":0,"k":0,"ix":5},"nm":"Transform"}],"nm":"Ellipse two Stroke","np":3,"cix":2,"bm":0,"ix":1,"mn":"ADBE Vector Group","hd":false},{"ty":"gr","it":[{"d":1,"ty":"el","s":{"a":0,"k":[30,30],"ix":2},"p":{"a":0,"k":[0,0],"ix":3},"nm":"Ellipse Path 1","mn":"ADBE Vector Shape - Ellipse","hd":false},{"ty":"fl","c":{"a":1,"k":[{"i":{"x":[0.667],"y":[1]},"o":{"x":[0.333],"y":[0]},"t":309,"s":[0.588235294118,0.588235294118,0.588235294118,1]},{"i":{"x":[0.667],"y":[1]},"o":{"x":[0.333],"y":[0]},"t":319,"s":[1,0.498039215803,0.313725501299,1]},{"i":{"x":[0.667],"y":[1]},"o":{"x":[0.333],"y":[0]},"t":367,"s":[1,0.498039215803,0.313725501299,1]},{"t":375,"s":[0.678431391716,0.745098054409,0.686274528503,1]}],"ix":4},"o":{"a":0,"k":100,"ix":5},"r":1,"bm":0,"nm":"Fill 1","mn":"ADBE Vector Graphic - Fill","hd":false},{"ty":"tr","p":{"a":0,"k":[0,0],"ix":2},"a":{"a":0,"k":[0,0],"ix":1},"s":{"a":0,"k":[100,100],"ix":3},"r":{"a":0,"k":0,"ix":6},"o":{"a":0,"k":100,"ix":7},"sk":{"a":0,"k":0,"ix":4},"sa":{"a":0,"k":0,"ix":5},"nm":"Transform"}],"nm":"Ellipse two Fill","np":2,"cix":2,"bm":0,"ix":2,"mn":"ADBE Vector Group","hd":false}],"ip":0,"op":480,"st":0,"bm":0},{"ddd":0,"ind":17,"ty":4,"nm":"Ellipse one","sr":1,"ks":{"o":{"a":0,"k":16.97,"ix":11},"r":{"a":0,"k":0,"ix":10},"p":{"a":0,"k":[46.5,25,0],"ix":2,"l":2},"a":{"a":0,"k":[0,0,0],"ix":1,"l":2},"s":{"a":0,"k":[100,100,100],"ix":6,"l":2}},"ao":0,"shapes":[{"ty":"gr","it":[{"d":1,"ty":"el","s":{"a":0,"k":[30,30],"ix":2},"p":{"a":0,"k":[0,0],"ix":3},"nm":"Ellipse Path 1","mn":"ADBE Vector Shape - Ellipse","hd":false},{"ty":"op","nm":"Offset Paths 1","a":{"a":0,"k":-0.5,"ix":1},"lj":1,"ml":{"a":0,"k":4,"ix":3},"ix":3,"mn":"ADBE Vector Filter - Offset","hd":false},{"ty":"tr","p":{"a":0,"k":[0,0],"ix":2},"a":{"a":0,"k":[0,0],"ix":1},"s":{"a":0,"k":[100,100],"ix":3},"r":{"a":0,"k":0,"ix":6},"o":{"a":0,"k":100,"ix":7},"sk":{"a":0,"k":0,"ix":4},"sa":{"a":0,"k":0,"ix":5},"nm":"Transform"}],"nm":"Ellipse one Stroke","np":3,"cix":2,"bm":0,"ix":1,"mn":"ADBE Vector Group","hd":false},{"ty":"gr","it":[{"d":1,"ty":"el","s":{"a":0,"k":[30,30],"ix":2},"p":{"a":0,"k":[0,0],"ix":3},"nm":"Ellipse Path 1","mn":"ADBE Vector Shape - Ellipse","hd":false},{"ty":"fl","c":{"a":1,"k":[{"i":{"x":[0.667],"y":[1]},"o":{"x":[0.333],"y":[0]},"t":233,"s":[1,0.498039215686,0.313725490196,1]},{"t":240,"s":[0,0.647058844566,0.345098048449,1]}],"ix":4},"o":{"a":0,"k":100,"ix":5},"r":1,"bm":0,"nm":"Fill 1","mn":"ADBE Vector Graphic - Fill","hd":false},{"ty":"tr","p":{"a":0,"k":[0,0],"ix":2},"a":{"a":0,"k":[0,0],"ix":1},"s":{"a":0,"k":[100,100],"ix":3},"r":{"a":0,"k":0,"ix":6},"o":{"a":0,"k":100,"ix":7},"sk":{"a":0,"k":0,"ix":4},"sa":{"a":0,"k":0,"ix":5},"nm":"Transform"}],"nm":"Ellipse one Fill","np":2,"cix":2,"bm":0,"ix":2,"mn":"ADBE Vector Group","hd":false}],"ip":0,"op":480,"st":0,"bm":0},{"ddd":0,"ind":18,"ty":4,"nm":"Ellipse three","sr":1,"ks":{"o":{"a":0,"k":17.487,"ix":11},"r":{"a":0,"k":0,"ix":10},"p":{"a":0,"k":[46.5,276,0],"ix":2,"l":2},"a":{"a":0,"k":[0,0,0],"ix":1,"l":2},"s":{"a":0,"k":[100,100,100],"ix":6,"l":2}},"ao":0,"shapes":[{"ty":"gr","it":[{"d":1,"ty":"el","s":{"a":0,"k":[30,30],"ix":2},"p":{"a":0,"k":[0,0],"ix":3},"nm":"Ellipse Path 1","mn":"ADBE Vector Shape - Ellipse","hd":false},{"ty":"op","nm":"Offset Paths 1","a":{"a":0,"k":-0.5,"ix":1},"lj":1,"ml":{"a":0,"k":4,"ix":3},"ix":3,"mn":"ADBE Vector Filter - Offset","hd":false},{"ty":"tr","p":{"a":0,"k":[0,0],"ix":2},"a":{"a":0,"k":[0,0],"ix":1},"s":{"a":0,"k":[100,100],"ix":3},"r":{"a":0,"k":0,"ix":6},"o":{"a":0,"k":100,"ix":7},"sk":{"a":0,"k":0,"ix":4},"sa":{"a":0,"k":0,"ix":5},"nm":"Transform"}],"nm":"Ellipse two Stroke","np":3,"cix":2,"bm":0,"ix":1,"mn":"ADBE Vector Group","hd":false},{"ty":"gr","it":[{"d":1,"ty":"el","s":{"a":0,"k":[30,30],"ix":2},"p":{"a":0,"k":[0,0],"ix":3},"nm":"Ellipse Path 1","mn":"ADBE Vector Shape - Ellipse","hd":false},{"ty":"fl","c":{"a":1,"k":[{"i":{"x":[0.833],"y":[0.833]},"o":{"x":[0.167],"y":[0.167]},"t":410,"s":[0.588235294118,0.588235294118,0.588235294118,1]},{"t":424,"s":[1,0.498039215803,0.313725501299,1]}],"ix":4},"o":{"a":0,"k":100,"ix":5},"r":1,"bm":0,"nm":"Fill 1","mn":"ADBE Vector Graphic - Fill","hd":false},{"ty":"tr","p":{"a":0,"k":[0,0],"ix":2},"a":{"a":0,"k":[0,0],"ix":1},"s":{"a":0,"k":[100,100],"ix":3},"r":{"a":0,"k":0,"ix":6},"o":{"a":0,"k":100,"ix":7},"sk":{"a":0,"k":0,"ix":4},"sa":{"a":0,"k":0,"ix":5},"nm":"Transform"}],"nm":"Ellipse two Fill","np":2,"cix":2,"bm":0,"ix":2,"mn":"ADBE Vector Group","hd":false}],"ip":0,"op":480,"st":0,"bm":0}],"markers":[],"chars":[{"ch":"1","size":15,"style":"Bold","w":37.6,"data":{"shapes":[{"ty":"gr","it":[{"ind":0,"ty":"sh","ix":1,"ks":{"a":0,"k":{"i":[[0,0],[0,0],[0,0],[0,0],[0,0],[0,0]],"o":[[0,0],[0,0],[0,0],[0,0],[0,0],[0,0]],"v":[[12.689,0],[30.615,0],[30.615,-73.517],[2.719,-73.517],[2.719,-57.504],[12.689,-57.504]],"c":true},"ix":2},"nm":"1","mn":"ADBE Vector Shape - Group","hd":false}],"nm":"1","np":3,"cix":2,"bm":0,"ix":1,"mn":"ADBE Vector Group","hd":false}]},"fFamily":"Poppins"},{"ch":"2","size":15,"style":"Bold","w":57.1,"data":{"shapes":[{"ty":"gr","it":[{"ind":0,"ty":"sh","ix":1,"ks":{"a":0,"k":{"i":[[0,0],[0,0],[0,0],[0,0],[0,16.113],[16.718,0],[0.504,-17.825],[0,0],[-5.136,0],[0,-5.338],[15.61,-12.891]],"o":[[0,0],[0,0],[0,0],[11.682,-8.963],[0,-12.387],[-13.394,0],[0,0],[0,-6.949],[5.237,0],[0,12.387],[0,0]],"v":[[3.928,-1.007],[54.483,-1.007],[54.483,-15.005],[27.292,-15.005],[53.375,-52.972],[29.205,-75.128],[3.726,-49.649],[20.343,-49.649],[28.5,-60.626],[36.154,-51.865],[3.928,-13.797]],"c":true},"ix":2},"nm":"2","mn":"ADBE Vector Shape - Group","hd":false}],"nm":"2","np":3,"cix":2,"bm":0,"ix":1,"mn":"ADBE Vector Group","hd":false}]},"fFamily":"Poppins"},{"ch":"3","size":15,"style":"Bold","w":60.5,"data":{"shapes":[{"ty":"gr","it":[{"ind":0,"ty":"sh","ix":1,"ks":{"a":0,"k":{"i":[[0.604,-14.502],[0,0],[-5.539,0],[0,-4.935],[5.841,0],[0,0],[0,0],[0,0],[0,-6.546],[5.338,0],[0.101,5.74],[0,0],[-15.308,0],[0,12.387],[7.352,2.417],[0,0],[0,9.668],[15.509,0]],"o":[[0,0],[0.302,-4.028],[4.633,0],[0,6.647],[0,0],[0,0],[0,0],[8.963,0],[0,4.834],[-6.345,0],[0,0],[0.504,16.617],[15.408,0],[0,-9.668],[0,0],[5.035,-1.712],[0,-11.078],[-15.005,0]],"v":[[5.136,-52.771],[21.954,-52.771],[29.81,-60.828],[37.363,-53.174],[25.882,-45.117],[22.659,-45.117],[22.659,-31.119],[25.882,-31.119],[38.773,-21.954],[30.515,-13.696],[20.947,-23.264],[4.23,-23.264],[31.119,0.604],[55.389,-20.645],[43.002,-38.37],[43.002,-38.773],[54.08,-55.289],[30.212,-75.229]],"c":true},"ix":2},"nm":"3","mn":"ADBE Vector Shape - Group","hd":false}],"nm":"3","np":3,"cix":2,"bm":0,"ix":1,"mn":"ADBE Vector Group","hd":false}]},"fFamily":"Poppins"},{"ch":"D","size":18,"style":"Regular","w":70.7,"data":{"shapes":[{"ty":"gr","it":[{"ind":0,"ty":"sh","ix":1,"ks":{"a":0,"k":{"i":[[23.062,0],[0,0],[0,0],[0,0],[0,21.753]],"o":[[0,0],[0,0],[0,0],[23.062,0],[0,-21.753]],"v":[[29.608,-70.193],[7.755,-70.193],[7.755,0],[29.608,0],[66.87,-34.946]],"c":true},"ix":2},"nm":"D","mn":"ADBE Vector Shape - Group","hd":false},{"ind":1,"ty":"sh","ix":2,"ks":{"a":0,"k":{"i":[[0,0],[0,0],[0,0],[0,-17.12],[18.329,0]],"o":[[0,0],[0,0],[18.329,0],[0,17.12],[0,0]],"v":[[16.919,-7.553],[16.919,-62.741],[29.608,-62.741],[57.504,-34.946],[29.608,-7.553]],"c":true},"ix":2},"nm":"D","mn":"ADBE Vector Shape - Group","hd":false}],"nm":"D","np":5,"cix":2,"bm":0,"ix":1,"mn":"ADBE Vector Group","hd":false}]},"fFamily":"Poppins"},{"ch":"o","size":18,"style":"Regular","w":64,"data":{"shapes":[{"ty":"gr","it":[{"ind":0,"ty":"sh","ix":1,"ks":{"a":0,"k":{"i":[[0,17.523],[15.71,0],[0,-17.422],[-15.61,0]],"o":[[0,-17.422],[-15.61,0],[0,17.523],[15.71,0]],"v":[[60.123,-27.695],[32.227,-56.094],[4.33,-27.695],[31.824,0.906]],"c":true},"ix":2},"nm":"o","mn":"ADBE Vector Shape - Group","hd":false},{"ind":1,"ty":"sh","ix":2,"ks":{"a":0,"k":{"i":[[0,13.998],[-9.668,0],[0,-13.898],[9.567,0]],"o":[[0,-13.898],[9.467,0],[0,13.998],[-9.567,0]],"v":[[13.696,-27.695],[32.126,-48.138],[50.757,-27.695],[31.824,-7.15]],"c":true},"ix":2},"nm":"o","mn":"ADBE Vector Shape - Group","hd":false}],"nm":"o","np":5,"cix":2,"bm":0,"ix":1,"mn":"ADBE Vector Group","hd":false}]},"fFamily":"Poppins"},{"ch":"c","size":18,"style":"Regular","w":60.7,"data":{"shapes":[{"ty":"gr","it":[{"ind":0,"ty":"sh","ix":1,"ks":{"a":0,"k":{"i":[[0,-17.322],[-15.71,0],[-2.82,10.977],[0,0],[8.157,0],[0,13.696],[-10.071,0],[-1.913,-6.647],[0,0],[13.696,0]],"o":[[0,17.523],[13.696,0],[0,0],[-2.014,6.949],[-10.071,0],[0,-13.495],[8.157,0],[0,0],[-2.82,-11.581],[-15.71,0]],"v":[[4.33,-27.695],[31.219,0.906],[56.699,-17.725],[46.829,-17.725],[31.219,-6.848],[13.696,-27.695],[31.219,-48.34],[46.829,-37.463],[56.699,-37.463],[31.219,-56.094]],"c":true},"ix":2},"nm":"c","mn":"ADBE Vector Shape - Group","hd":false}],"nm":"c","np":3,"cix":2,"bm":0,"ix":1,"mn":"ADBE Vector Group","hd":false}]},"fFamily":"Poppins"},{"ch":"u","size":18,"style":"Regular","w":64,"data":{"shapes":[{"ty":"gr","it":[{"ind":0,"ty":"sh","ix":1,"ks":{"a":0,"k":{"i":[[0,0],[0,0],[0,0],[9.467,0],[0,11.179],[0,0],[0,0],[0,0],[-12.689,0],[-3.525,5.74],[0,0],[0,0]],"o":[[0,0],[0,0],[0,11.884],[-9.265,0],[0,0],[0,0],[0,0],[0,15.811],[7.352,0],[0,0],[0,0],[0,0]],"v":[[56.699,-55.188],[47.534,-55.188],[47.534,-24.875],[31.723,-7.15],[16.315,-24.069],[16.315,-55.188],[7.251,-55.188],[7.251,-22.861],[29.91,0.806],[47.534,-8.157],[47.534,0],[56.699,0]],"c":true},"ix":2},"nm":"u","mn":"ADBE Vector Shape - Group","hd":false}],"nm":"u","np":3,"cix":2,"bm":0,"ix":1,"mn":"ADBE Vector Group","hd":false}]},"fFamily":"Poppins"},{"ch":"m","size":18,"style":"Regular","w":103,"data":{"shapes":[{"ty":"gr","it":[{"ind":0,"ty":"sh","ix":1,"ks":{"a":0,"k":{"i":[[0,0],[0,0],[0,0],[12.589,0],[3.223,-7.956],[9.064,0],[3.625,-5.841],[0,0],[0,0],[0,0],[0,0],[0,0],[-9.265,0],[0,-11.279],[0,0],[0,0],[0,0],[-9.265,0],[0,-11.279]],"o":[[0,0],[0,0],[0,-15.811],[-8.459,0],[-3.625,-8.258],[-7.251,0],[0,0],[0,0],[0,0],[0,0],[0,0],[0,-11.884],[9.064,0],[0,0],[0,0],[0,0],[0,-11.884],[9.064,0],[0,0]],"v":[[87.415,0],[96.478,0],[96.478,-32.529],[74.121,-56.195],[54.584,-43.909],[34.341,-56.195],[16.919,-47.232],[16.919,-55.188],[7.755,-55.188],[7.755,0],[16.919,0],[16.919,-30.414],[32.529,-48.239],[47.635,-31.219],[47.635,0],[56.699,0],[56.699,-30.414],[72.308,-48.239],[87.415,-31.219]],"c":true},"ix":2},"nm":"m","mn":"ADBE Vector Shape - Group","hd":false}],"nm":"m","np":3,"cix":2,"bm":0,"ix":1,"mn":"ADBE Vector Group","hd":false}]},"fFamily":"Poppins"},{"ch":"e","size":18,"style":"Regular","w":62,"data":{"shapes":[{"ty":"gr","it":[{"ind":0,"ty":"sh","ix":1,"ks":{"a":0,"k":{"i":[[-8.963,0],[0.101,-10.776],[0,0]],"o":[[9.467,0],[0,0],[1.007,-10.776]],"v":[[31.219,-48.34],[48.642,-31.622],[13.797,-31.622]],"c":true},"ix":2},"nm":"e","mn":"ADBE Vector Shape - Group","hd":false},{"ind":1,"ty":"sh","ix":2,"ks":{"a":0,"k":{"i":[[-2.82,10.071],[0,0],[8.258,0],[0.705,11.179],[0,0],[0,2.014],[16.013,0],[0,-17.422],[-15.71,0]],"o":[[0,0],[-2.014,5.942],[-9.366,0],[0,0],[0.201,-1.913],[0,-15.106],[-16.113,0],[0,17.523],[13.696,0]],"v":[[57.001,-17.02],[47.131,-17.02],[31.622,-6.848],[13.696,-24.17],[57.806,-24.17],[58.109,-29.709],[31.622,-56.094],[4.33,-27.695],[31.622,0.906]],"c":true},"ix":2},"nm":"e","mn":"ADBE Vector Shape - Group","hd":false}],"nm":"e","np":5,"cix":2,"bm":0,"ix":1,"mn":"ADBE Vector Group","hd":false}]},"fFamily":"Poppins"},{"ch":"n","size":18,"style":"Regular","w":64,"data":{"shapes":[{"ty":"gr","it":[{"ind":0,"ty":"sh","ix":1,"ks":{"a":0,"k":{"i":[[0,0],[0,0],[0,0],[12.79,0],[3.625,-5.74],[0,0],[0,0],[0,0],[0,0],[0,0],[-9.366,0],[0,-11.279]],"o":[[0,0],[0,0],[0,-15.811],[-7.452,0],[0,0],[0,0],[0,0],[0,0],[0,0],[0,-11.884],[9.265,0],[0,0]],"v":[[48.138,0],[57.202,0],[57.202,-32.529],[34.644,-56.195],[16.919,-47.333],[16.919,-55.188],[7.755,-55.188],[7.755,0],[16.919,0],[16.919,-30.515],[32.73,-48.239],[48.138,-31.219]],"c":true},"ix":2},"nm":"n","mn":"ADBE Vector Shape - Group","hd":false}],"nm":"n","np":3,"cix":2,"bm":0,"ix":1,"mn":"ADBE Vector Group","hd":false}]},"fFamily":"Poppins"},{"ch":"t","size":18,"style":"Regular","w":36.4,"data":{"shapes":[{"ty":"gr","it":[{"ind":0,"ty":"sh","ix":1,"ks":{"a":0,"k":{"i":[[0,0],[-9.769,0],[0,0],[0,0],[0,0],[0,5.438],[0,0],[0,0],[0,0],[0,0],[0,0],[0,0],[0,0],[0,0],[0,0],[0,0]],"o":[[0,11.078],[0,0],[0,0],[0,0],[-5.64,0],[0,0],[0,0],[0,0],[0,0],[0,0],[0,0],[0,0],[0,0],[0,0],[0,0],[0,0]],"v":[[9.769,-15.106],[25.076,0],[33.334,0],[33.334,-7.755],[26.587,-7.755],[18.933,-15.106],[18.933,-47.635],[33.334,-47.635],[33.334,-55.188],[18.933,-55.188],[18.933,-69.086],[9.769,-69.086],[9.769,-55.188],[2.618,-55.188],[2.618,-47.635],[9.769,-47.635]],"c":true},"ix":2},"nm":"t","mn":"ADBE Vector Shape - Group","hd":false}],"nm":"t","np":3,"cix":2,"bm":0,"ix":1,"mn":"ADBE Vector Group","hd":false}]},"fFamily":"Poppins"},{"ch":" ","size":18,"style":"Regular","w":26.7,"data":{},"fFamily":"Poppins"},{"ch":"F","size":18,"style":"Regular","w":50.4,"data":{"shapes":[{"ty":"gr","it":[{"ind":0,"ty":"sh","ix":1,"ks":{"a":0,"k":{"i":[[0,0],[0,0],[0,0],[0,0],[0,0],[0,0],[0,0],[0,0],[0,0],[0,0]],"o":[[0,0],[0,0],[0,0],[0,0],[0,0],[0,0],[0,0],[0,0],[0,0],[0,0]],"v":[[7.755,0],[16.919,0],[16.919,-31.622],[41.693,-31.622],[41.693,-39.075],[16.919,-39.075],[16.919,-62.741],[47.433,-62.741],[47.433,-70.193],[7.755,-70.193]],"c":true},"ix":2},"nm":"F","mn":"ADBE Vector Shape - Group","hd":false}],"nm":"F","np":3,"cix":2,"bm":0,"ix":1,"mn":"ADBE Vector Group","hd":false}]},"fFamily":"Poppins"},{"ch":"i","size":18,"style":"Regular","w":24.6,"data":{"shapes":[{"ty":"gr","it":[{"ind":0,"ty":"sh","ix":1,"ks":{"a":0,"k":{"i":[[0,0],[0,0],[0,0],[0,0]],"o":[[0,0],[0,0],[0,0],[0,0]],"v":[[7.755,0],[16.919,0],[16.919,-55.188],[7.755,-55.188]],"c":true},"ix":2},"nm":"i","mn":"ADBE Vector Shape - Group","hd":false},{"ind":1,"ty":"sh","ix":2,"ks":{"a":0,"k":{"i":[[-3.525,0],[0,3.525],[3.323,0],[0,-3.525]],"o":[[3.323,0],[0,-3.525],[-3.525,0],[0,3.525]],"v":[[12.488,-64.151],[18.53,-70.395],[12.488,-76.639],[6.244,-70.395]],"c":true},"ix":2},"nm":"i","mn":"ADBE Vector Shape - Group","hd":false}],"nm":"i","np":5,"cix":2,"bm":0,"ix":1,"mn":"ADBE Vector Group","hd":false}]},"fFamily":"Poppins"},{"ch":"l","size":18,"style":"Regular","w":24.6,"data":{"shapes":[{"ty":"gr","it":[{"ind":0,"ty":"sh","ix":1,"ks":{"a":0,"k":{"i":[[0,0],[0,0],[0,0],[0,0]],"o":[[0,0],[0,0],[0,0],[0,0]],"v":[[7.755,0],[16.919,0],[16.919,-74.524],[7.755,-74.524]],"c":true},"ix":2},"nm":"l","mn":"ADBE Vector Shape - Group","hd":false}],"nm":"l","np":3,"cix":2,"bm":0,"ix":1,"mn":"ADBE Vector Group","hd":false}]},"fFamily":"Poppins"},{"ch":"r","size":18,"style":"Regular","w":37.3,"data":{"shapes":[{"ty":"gr","it":[{"ind":0,"ty":"sh","ix":1,"ks":{"a":0,"k":{"i":[[0,0],[-8.762,0],[0,0],[0,0],[3.122,-6.143],[0,0],[0,0],[0,0],[0,0]],"o":[[0,-12.79],[0,0],[0,0],[-8.762,0],[0,0],[0,0],[0,0],[0,0],[0,0]],"v":[[16.919,-30.011],[32.327,-46.729],[34.744,-46.729],[34.744,-56.195],[16.919,-46.225],[16.919,-55.188],[7.755,-55.188],[7.755,0],[16.919,0]],"c":true},"ix":2},"nm":"r","mn":"ADBE Vector Shape - Group","hd":false}],"nm":"r","np":3,"cix":2,"bm":0,"ix":1,"mn":"ADBE Vector Group","hd":false}]},"fFamily":"Poppins"},{"ch":"g","size":18,"style":"Regular","w":67.6,"data":{"shapes":[{"ty":"gr","it":[{"ind":0,"ty":"sh","ix":1,"ks":{"a":0,"k":{"i":[[0,-17.221],[-14.804,0],[-3.323,5.942],[0,0],[9.769,0],[2.014,6.647],[0,0],[-14.502,0],[0,15.207],[0,0],[0,0],[0,0],[10.071,0]],"o":[[0,17.12],[10.071,0],[0,0],[0,11.783],[-9.064,0],[0,0],[1.813,11.783],[16.214,0],[0,0],[0,0],[0,0],[-3.223,-5.942],[-14.804,0]],"v":[[4.33,-27.795],[30.515,0.906],[51.059,-10.373],[51.059,1.208],[33.939,19.235],[16.315,8.057],[7.251,8.057],[33.939,27.191],[60.324,1.208],[60.324,-55.188],[51.059,-55.188],[51.059,-45.117],[30.515,-56.094]],"c":true},"ix":2},"nm":"g","mn":"ADBE Vector Shape - Group","hd":false},{"ind":1,"ty":"sh","ix":2,"ks":{"a":0,"k":{"i":[[0,-12.79],[10.071,0],[0,12.991],[-10.071,0]],"o":[[0,12.991],[-10.071,0],[0,-12.991],[10.071,0]],"v":[[51.059,-27.695],[32.327,-7.15],[13.696,-27.795],[32.327,-48.138]],"c":true},"ix":2},"nm":"g","mn":"ADBE Vector Shape - Group","hd":false}],"nm":"g","np":5,"cix":2,"bm":0,"ix":1,"mn":"ADBE Vector Group","hd":false}]},"fFamily":"Poppins"},{"ch":"E","size":18,"style":"Regular","w":51.3,"data":{"shapes":[{"ty":"gr","it":[{"ind":0,"ty":"sh","ix":1,"ks":{"a":0,"k":{"i":[[0,0],[0,0],[0,0],[0,0],[0,0],[0,0],[0,0],[0,0],[0,0],[0,0],[0,0],[0,0]],"o":[[0,0],[0,0],[0,0],[0,0],[0,0],[0,0],[0,0],[0,0],[0,0],[0,0],[0,0],[0,0]],"v":[[45.52,-70.294],[7.755,-70.294],[7.755,0],[45.52,0],[45.52,-7.553],[16.919,-7.553],[16.919,-31.723],[42.499,-31.723],[42.499,-39.276],[16.919,-39.276],[16.919,-62.741],[45.52,-62.741]],"c":true},"ix":2},"nm":"E","mn":"ADBE Vector Shape - Group","hd":false}],"nm":"E","np":3,"cix":2,"bm":0,"ix":1,"mn":"ADBE Vector Group","hd":false}]},"fFamily":"Poppins"},{"ch":"d","size":18,"style":"Regular","w":67.6,"data":{"shapes":[{"ty":"gr","it":[{"ind":0,"ty":"sh","ix":1,"ks":{"a":0,"k":{"i":[[0,-17.221],[-14.804,0],[-3.323,6.143],[0,0],[0,0],[0,0],[0,0],[0,0],[8.661,0]],"o":[[0,17.12],[10.071,0],[0,0],[0,0],[0,0],[0,0],[0,0],[-3.827,-6.345],[-14.905,0]],"v":[[4.33,-27.795],[30.515,0.906],[51.059,-10.373],[51.059,0],[60.324,0],[60.324,-74.524],[51.059,-74.524],[51.059,-45.319],[30.615,-56.094]],"c":true},"ix":2},"nm":"d","mn":"ADBE Vector Shape - Group","hd":false},{"ind":1,"ty":"sh","ix":2,"ks":{"a":0,"k":{"i":[[0,-12.79],[10.071,0],[0,12.991],[-10.071,0]],"o":[[0,12.991],[-10.071,0],[0,-12.991],[10.071,0]],"v":[[51.059,-27.695],[32.327,-7.15],[13.696,-27.795],[32.327,-48.138]],"c":true},"ix":2},"nm":"d","mn":"ADBE Vector Shape - Group","hd":false}],"nm":"d","np":5,"cix":2,"bm":0,"ix":1,"mn":"ADBE Vector Group","hd":false}]},"fFamily":"Poppins"}]}