{"v":"5.7.6","fr":60,"ip":0,"op":540,"w":400,"h":123,"nm":"mobile middle field","ddd":0,"assets":[],"fonts":{"list":[{"fName":"Poppins-Bold","fFamily":"Poppins","fStyle":"Bold","ascent":73.9990234375},{"fName":"Poppins-Light","fFamily":"Poppins","fStyle":"Light","ascent":73.9990234375}]},"layers":[{"ddd":0,"ind":1,"ty":5,"nm":"Document Editing 2","sr":1,"ks":{"o":{"a":0,"k":100,"ix":11},"r":{"a":0,"k":0,"ix":10},"p":{"a":0,"k":[195,76,0],"ix":2,"l":2},"a":{"a":0,"k":[0,0,0],"ix":1,"l":2},"s":{"a":0,"k":[100,100,100],"ix":6,"l":2}},"ao":0,"t":{"d":{"k":[{"s":{"s":8,"f":"Poppins-Light","t":"Document\rEditing","ca":0,"j":2,"tr":0,"lh":9.60000038146973,"ls":0,"fc":[0.494,0.494,0.494]},"t":0}]},"p":{},"m":{"g":1,"a":{"a":0,"k":[0,0],"ix":2}},"a":[{"nm":"Animators","s":{"t":0,"xe":{"k":0},"ne":{"k":0},"a":{"k":100},"b":1,"sh":0,"s":{"k":0},"e":{"k":100},"o":{"k":0}},"a":{"fo":{"a":0,"k":100,"ix":10},"so":{"a":0,"k":0,"ix":11}}},{"nm":"Animator 1","s":{"t":0,"xe":{"a":0,"k":0,"ix":7},"ne":{"a":0,"k":0,"ix":8},"a":{"a":0,"k":100,"ix":4},"b":1,"rn":0,"sh":1,"r":1},"a":{"fc":{"a":1,"k":[{"i":{"x":[0.667],"y":[1]},"o":{"x":[0.333],"y":[0]},"t":372,"s":[0.494117647409,0.494117647409,0.494117647409,1]},{"t":383,"s":[0,0,0,1]}],"ix":12}}}]},"ip":0,"op":3600,"st":0,"bm":0},{"ddd":0,"ind":2,"ty":5,"nm":"Document Filtering 2","sr":1,"ks":{"o":{"a":0,"k":100,"ix":11},"r":{"a":0,"k":0,"ix":10},"p":{"a":0,"k":[342,75.5,0],"ix":2,"l":2},"a":{"a":0,"k":[0,0,0],"ix":1,"l":2},"s":{"a":0,"k":[100,100,100],"ix":6,"l":2}},"ao":0,"t":{"d":{"k":[{"s":{"s":8,"f":"Poppins-Light","t":"Document\rFiltering","ca":0,"j":2,"tr":0,"lh":9.60000038146973,"ls":0,"fc":[0.494,0.494,0.494]},"t":0}]},"p":{},"m":{"g":1,"a":{"a":0,"k":[0,0],"ix":2}},"a":[{"nm":"Animators","s":{"t":0,"xe":{"k":0},"ne":{"k":0},"a":{"k":100},"b":1,"sh":0,"s":{"k":0},"e":{"k":100},"o":{"k":0}},"a":{"fo":{"a":0,"k":100,"ix":10},"so":{"a":0,"k":0,"ix":11}}}]},"ip":0,"op":3600,"st":0,"bm":0},{"ddd":0,"ind":3,"ty":5,"nm":"Document Scanning","sr":1,"ks":{"o":{"a":0,"k":100,"ix":11},"r":{"a":0,"k":0,"ix":10},"p":{"a":0,"k":[49,76,0],"ix":2,"l":2},"a":{"a":0,"k":[0,0,0],"ix":1,"l":2},"s":{"a":0,"k":[100,100,100],"ix":6,"l":2}},"ao":0,"t":{"d":{"k":[{"s":{"s":8,"f":"Poppins-Light","t":"Document\rScanning","ca":0,"j":2,"tr":0,"lh":9.60000038146973,"ls":0,"fc":[0,0,0]},"t":0}]},"p":{},"m":{"g":1,"a":{"a":0,"k":[0,0],"ix":2}},"a":[{"nm":"Animators","s":{"t":0,"xe":{"k":0},"ne":{"k":0},"a":{"k":100},"b":1,"sh":0,"s":{"k":0},"e":{"k":100},"o":{"k":0}},"a":{"fo":{"a":0,"k":100,"ix":10},"so":{"a":0,"k":0,"ix":11}}}]},"ip":0,"op":3600,"st":0,"bm":0},{"ddd":0,"ind":4,"ty":4,"nm":"Line two","sr":1,"ks":{"o":{"a":0,"k":100,"ix":11},"r":{"a":0,"k":-90,"ix":10},"p":{"a":0,"k":[270.5,38.5,0],"ix":2,"l":2},"a":{"a":0,"k":[0,0,0],"ix":1,"l":2},"s":{"a":0,"k":[100,100,100],"ix":6,"l":2}},"ao":0,"shapes":[{"ty":"gr","it":[{"ind":0,"ty":"sh","ix":1,"ks":{"a":0,"k":{"i":[[0,0],[0,0]],"o":[[0,0],[0,0]],"v":[[0,-42.5],[0,42.5]],"c":false},"ix":2},"nm":"Path 1","mn":"ADBE Vector Shape - Group","hd":false},{"ty":"st","c":{"a":0,"k":[0,0.647058844566,0.345098048449,1],"ix":3},"o":{"a":0,"k":100,"ix":4},"w":{"a":0,"k":1,"ix":5},"lc":2,"lj":1,"ml":4,"bm":0,"d":[{"n":"d","nm":"dash","v":{"a":0,"k":5,"ix":1}},{"n":"g","nm":"gap","v":{"a":0,"k":6,"ix":2}}],"nm":"Stroke 1","mn":"ADBE Vector Graphic - Stroke","hd":false},{"ty":"tr","p":{"a":0,"k":[0,0],"ix":2},"a":{"a":0,"k":[0,0],"ix":1},"s":{"a":0,"k":[100,100],"ix":3},"r":{"a":0,"k":0,"ix":6},"o":{"a":0,"k":100,"ix":7},"sk":{"a":0,"k":0,"ix":4},"sa":{"a":0,"k":0,"ix":5},"nm":"Transform"}],"nm":"Line ","np":2,"cix":2,"bm":0,"ix":1,"mn":"ADBE Vector Group","hd":false},{"ty":"tm","s":{"a":0,"k":0,"ix":1},"e":{"a":1,"k":[{"i":{"x":[0.667],"y":[1]},"o":{"x":[0.333],"y":[0]},"t":385,"s":[0]},{"t":400,"s":[100]}],"ix":2},"o":{"a":0,"k":0,"ix":3},"m":1,"ix":2,"nm":"Trim Paths 1","mn":"ADBE Vector Filter - Trim","hd":false}],"ip":0,"op":480,"st":0,"bm":0},{"ddd":0,"ind":5,"ty":5,"nm":"3","sr":1,"ks":{"o":{"a":0,"k":100,"ix":11},"r":{"a":0,"k":0,"ix":10},"p":{"a":0,"k":[340,46.5,0],"ix":2,"l":2},"a":{"a":0,"k":[0,0,0],"ix":1,"l":2},"s":{"a":0,"k":[100,100,100],"ix":6,"l":2}},"ao":0,"t":{"d":{"k":[{"s":{"s":15,"f":"Poppins-Bold","t":"3","ca":0,"j":0,"tr":0,"lh":18,"ls":0,"fc":[0.749,0.749,0.749]},"t":0}]},"p":{},"m":{"g":1,"a":{"a":0,"k":[0,0],"ix":2}},"a":[{"nm":"Animators","s":{"t":0,"xe":{"k":0},"ne":{"k":0},"a":{"k":100},"b":1,"sh":0,"s":{"k":0},"e":{"k":100},"o":{"k":0}},"a":{"fo":{"a":0,"k":100,"ix":10},"so":{"a":0,"k":100,"ix":11}}},{"nm":"Animator 1","s":{"t":0,"xe":{"a":0,"k":0,"ix":7},"ne":{"a":0,"k":0,"ix":8},"a":{"a":0,"k":100,"ix":4},"b":1,"rn":0,"sh":1,"r":1},"a":{"fc":{"a":1,"k":[{"i":{"x":[0.667],"y":[1]},"o":{"x":[0.333],"y":[0]},"t":406,"s":[0.749019622803,0.749019622803,0.749019622803,1]},{"t":420,"s":[1,0.498039215803,0.313725501299,1]}],"ix":12}}}]},"ip":0,"op":480,"st":0,"bm":0},{"ddd":0,"ind":6,"ty":4,"nm":"tick three","sr":1,"ks":{"o":{"a":0,"k":0,"ix":11},"r":{"a":0,"k":0,"ix":10},"p":{"a":0,"k":[344.338,40.173,0],"ix":2,"l":2},"a":{"a":0,"k":[6.108,4.454,0],"ix":1,"l":2},"s":{"a":0,"k":[100,100,100],"ix":6,"l":2}},"ao":0,"shapes":[{"ty":"gr","it":[{"ind":0,"ty":"sh","ix":1,"ks":{"a":0,"k":{"i":[[0,0],[0,0],[0,0]],"o":[[0,0],[0,0],[0,0]],"v":[[0,5.64],[3.376,8.908],[12.216,0]],"c":false},"ix":2},"nm":"Path 1","mn":"ADBE Vector Shape - Group","hd":false},{"ty":"st","c":{"a":0,"k":[1,1,1,1],"ix":3},"o":{"a":0,"k":100,"ix":4},"w":{"a":0,"k":3,"ix":5},"lc":2,"lj":2,"bm":0,"nm":"Stroke 1","mn":"ADBE Vector Graphic - Stroke","hd":false},{"ty":"tr","p":{"a":0,"k":[0,0],"ix":2},"a":{"a":0,"k":[0,0],"ix":1},"s":{"a":0,"k":[100,100],"ix":3},"r":{"a":0,"k":0,"ix":6},"o":{"a":0,"k":100,"ix":7},"sk":{"a":0,"k":0,"ix":4},"sa":{"a":0,"k":0,"ix":5},"nm":"Transform"}],"nm":"tick three","np":3,"cix":2,"bm":0,"ix":1,"mn":"ADBE Vector Group","hd":false}],"ip":0,"op":480,"st":0,"bm":0},{"ddd":0,"ind":7,"ty":4,"nm":"outer three","sr":1,"ks":{"o":{"a":0,"k":100,"ix":11},"r":{"a":1,"k":[{"i":{"x":[0.833],"y":[0.833]},"o":{"x":[0.167],"y":[0.167]},"t":416,"s":[0]},{"t":456,"s":[355]}],"ix":10},"p":{"a":0,"k":[344,40.5,0],"ix":2,"l":2},"a":{"a":0,"k":[0,0,0],"ix":1,"l":2},"s":{"a":0,"k":[100,100,100],"ix":6,"l":2}},"ao":0,"shapes":[{"ty":"gr","it":[{"d":1,"ty":"el","s":{"a":0,"k":[30,30],"ix":2},"p":{"a":0,"k":[0,0],"ix":3},"nm":"Ellipse Path 1","mn":"ADBE Vector Shape - Ellipse","hd":false},{"ty":"st","c":{"a":1,"k":[{"i":{"x":[0.667],"y":[1]},"o":{"x":[0.333],"y":[0]},"t":410,"s":[0.647058823529,0.647058823529,0.647058823529,1]},{"t":420,"s":[1,0.498039215803,0.313725501299,1]}],"ix":3},"o":{"a":0,"k":100,"ix":4},"w":{"a":0,"k":1,"ix":5},"lc":1,"lj":1,"ml":4,"bm":0,"nm":"Stroke 1","mn":"ADBE Vector Graphic - Stroke","hd":false},{"ty":"op","nm":"Offset Paths 1","a":{"a":0,"k":-0.5,"ix":1},"lj":1,"ml":{"a":0,"k":4,"ix":3},"ix":3,"mn":"ADBE Vector Filter - Offset","hd":false},{"ty":"tr","p":{"a":0,"k":[0,0],"ix":2},"a":{"a":0,"k":[0,0],"ix":1},"s":{"a":0,"k":[100,100],"ix":3},"r":{"a":0,"k":0,"ix":6},"o":{"a":0,"k":100,"ix":7},"sk":{"a":0,"k":0,"ix":4},"sa":{"a":0,"k":0,"ix":5},"nm":"Transform"}],"nm":"outer two Stroke","np":3,"cix":2,"bm":0,"ix":1,"mn":"ADBE Vector Group","hd":false},{"ty":"gr","it":[{"d":1,"ty":"el","s":{"a":0,"k":[30,30],"ix":2},"p":{"a":0,"k":[0,0],"ix":3},"nm":"Ellipse Path 1","mn":"ADBE Vector Shape - Ellipse","hd":false},{"ty":"tr","p":{"a":0,"k":[0,0],"ix":2},"a":{"a":0,"k":[0,0],"ix":1},"s":{"a":0,"k":[100,100],"ix":3},"r":{"a":0,"k":0,"ix":6},"o":{"a":0,"k":100,"ix":7},"sk":{"a":0,"k":0,"ix":4},"sa":{"a":0,"k":0,"ix":5},"nm":"Transform"}],"nm":"outer two Fill","np":2,"cix":2,"bm":0,"ix":2,"mn":"ADBE Vector Group","hd":false},{"ty":"tm","s":{"a":0,"k":0,"ix":1},"e":{"a":1,"k":[{"i":{"x":[0.833],"y":[0.833]},"o":{"x":[0.167],"y":[0.167]},"t":414,"s":[100]},{"t":423,"s":[45]}],"ix":2},"o":{"a":0,"k":0,"ix":3},"m":1,"ix":3,"nm":"Trim Paths 1","mn":"ADBE Vector Filter - Trim","hd":false}],"ip":0,"op":480,"st":0,"bm":0},{"ddd":0,"ind":8,"ty":5,"nm":"2","sr":1,"ks":{"o":{"a":1,"k":[{"i":{"x":[0.667],"y":[1]},"o":{"x":[0.333],"y":[0]},"t":365,"s":[100]},{"t":377,"s":[0]}],"ix":11},"r":{"a":0,"k":0,"ix":10},"p":{"a":0,"k":[189,46,0],"ix":2,"l":2},"a":{"a":0,"k":[0,0,0],"ix":1,"l":2},"s":{"a":0,"k":[100,100,100],"ix":6,"l":2}},"ao":0,"t":{"d":{"k":[{"s":{"s":15,"f":"Poppins-Bold","t":"2","ca":0,"j":0,"tr":0,"lh":18,"ls":0,"fc":[0.749,0.749,0.749]},"t":0}]},"p":{},"m":{"g":1,"a":{"a":0,"k":[0,0],"ix":2}},"a":[{"nm":"Animators","s":{"t":0,"xe":{"k":0},"ne":{"k":0},"a":{"k":100},"b":1,"sh":0,"s":{"k":0},"e":{"k":100},"o":{"k":0}},"a":{"fo":{"a":0,"k":100,"ix":10},"so":{"a":0,"k":100,"ix":11}}},{"nm":"Animator 1","s":{"t":0,"xe":{"a":0,"k":0,"ix":7},"ne":{"a":0,"k":0,"ix":8},"a":{"a":0,"k":100,"ix":4},"b":1,"rn":0,"sh":1,"r":1},"a":{"fc":{"a":1,"k":[{"i":{"x":[0.667],"y":[1]},"o":{"x":[0.333],"y":[0]},"t":309,"s":[0.647058844566,0.647058844566,0.647058844566,1]},{"t":319,"s":[1,0.498039215803,0.313725501299,1]}],"ix":12}}}]},"ip":0,"op":480,"st":0,"bm":0},{"ddd":0,"ind":9,"ty":4,"nm":"tick two","sr":1,"ks":{"o":{"a":1,"k":[{"i":{"x":[0.667],"y":[1]},"o":{"x":[0.333],"y":[0]},"t":365,"s":[0]},{"t":371,"s":[100]}],"ix":11},"r":{"a":0,"k":0,"ix":10},"p":{"a":0,"k":[193.338,39.673,0],"ix":2,"l":2},"a":{"a":0,"k":[6.108,4.454,0],"ix":1,"l":2},"s":{"a":0,"k":[100,100,100],"ix":6,"l":2}},"ao":0,"shapes":[{"ty":"gr","it":[{"ind":0,"ty":"sh","ix":1,"ks":{"a":0,"k":{"i":[[0,0],[0,0],[0,0]],"o":[[0,0],[0,0],[0,0]],"v":[[0,5.64],[3.376,8.908],[12.216,0]],"c":false},"ix":2},"nm":"Path 1","mn":"ADBE Vector Shape - Group","hd":false},{"ty":"tm","s":{"a":0,"k":0,"ix":1},"e":{"a":1,"k":[{"i":{"x":[0.667],"y":[1]},"o":{"x":[0.333],"y":[0]},"t":367,"s":[0]},{"t":377,"s":[100]}],"ix":2},"o":{"a":0,"k":0,"ix":3},"m":1,"ix":2,"nm":"Trim Paths 1","mn":"ADBE Vector Filter - Trim","hd":false},{"ty":"st","c":{"a":0,"k":[0,0.647058844566,0.345098048449,1],"ix":3},"o":{"a":0,"k":100,"ix":4},"w":{"a":0,"k":3,"ix":5},"lc":2,"lj":2,"bm":0,"nm":"Stroke 1","mn":"ADBE Vector Graphic - Stroke","hd":false},{"ty":"tr","p":{"a":0,"k":[0,0],"ix":2},"a":{"a":0,"k":[0,0],"ix":1},"s":{"a":0,"k":[100,100],"ix":3},"r":{"a":0,"k":0,"ix":6},"o":{"a":0,"k":100,"ix":7},"sk":{"a":0,"k":0,"ix":4},"sa":{"a":0,"k":0,"ix":5},"nm":"Transform"}],"nm":"tick two","np":4,"cix":2,"bm":0,"ix":1,"mn":"ADBE Vector Group","hd":false}],"ip":0,"op":480,"st":0,"bm":0},{"ddd":0,"ind":10,"ty":5,"nm":"1","sr":1,"ks":{"o":{"a":1,"k":[{"i":{"x":[0.667],"y":[1]},"o":{"x":[0.333],"y":[0]},"t":225,"s":[100]},{"t":240,"s":[0]}],"ix":11},"r":{"a":0,"k":0,"ix":10},"p":{"a":0,"k":[43,46,0],"ix":2,"l":2},"a":{"a":0,"k":[0,0,0],"ix":1,"l":2},"s":{"a":0,"k":[100,100,100],"ix":6,"l":2}},"ao":0,"t":{"d":{"k":[{"s":{"s":15,"f":"Poppins-Bold","t":"1","ca":0,"j":0,"tr":0,"lh":18,"ls":0,"fc":[1,0.498,0.314]},"t":0}]},"p":{},"m":{"g":1,"a":{"a":0,"k":[0,0],"ix":2}},"a":[{"nm":"Animators","s":{"t":0,"xe":{"k":0},"ne":{"k":0},"a":{"k":100},"b":1,"sh":0,"s":{"k":0},"e":{"k":100},"o":{"k":0}},"a":{"fo":{"a":0,"k":100,"ix":10},"so":{"a":0,"k":100,"ix":11}}}]},"ip":0,"op":480,"st":0,"bm":0},{"ddd":0,"ind":11,"ty":4,"nm":"tick one","sr":1,"ks":{"o":{"a":1,"k":[{"i":{"x":[0.833],"y":[0.833]},"o":{"x":[0.167],"y":[0.167]},"t":225,"s":[100]},{"t":234,"s":[100]}],"ix":11},"r":{"a":0,"k":0,"ix":10},"p":{"a":0,"k":[46.338,39.673,0],"ix":2,"l":2},"a":{"a":0,"k":[6.108,4.454,0],"ix":1,"l":2},"s":{"a":0,"k":[100,100,100],"ix":6,"l":2}},"ao":0,"shapes":[{"ty":"gr","it":[{"ind":0,"ty":"sh","ix":1,"ks":{"a":0,"k":{"i":[[0,0],[0,0],[0,0]],"o":[[0,0],[0,0],[0,0]],"v":[[0,5.64],[3.376,8.908],[12.216,0]],"c":false},"ix":2},"nm":"Path 1","mn":"ADBE Vector Shape - Group","hd":false},{"ty":"st","c":{"a":0,"k":[0,0.647058844566,0.345098048449,1],"ix":3},"o":{"a":0,"k":100,"ix":4},"w":{"a":0,"k":3,"ix":5},"lc":2,"lj":2,"bm":0,"nm":"Stroke 1","mn":"ADBE Vector Graphic - Stroke","hd":false},{"ty":"tr","p":{"a":0,"k":[0,0],"ix":2},"a":{"a":0,"k":[0,0],"ix":1},"s":{"a":0,"k":[100,100],"ix":3},"r":{"a":0,"k":0,"ix":6},"o":{"a":0,"k":100,"ix":7},"sk":{"a":0,"k":0,"ix":4},"sa":{"a":0,"k":0,"ix":5},"nm":"Transform"}],"nm":"tick one","np":3,"cix":2,"bm":0,"ix":1,"mn":"ADBE Vector Group","hd":false},{"ty":"tm","s":{"a":0,"k":0,"ix":1},"e":{"a":1,"k":[{"i":{"x":[0.667],"y":[1]},"o":{"x":[0.333],"y":[0]},"t":225,"s":[0]},{"t":240,"s":[100]}],"ix":2},"o":{"a":0,"k":0,"ix":3},"m":1,"ix":2,"nm":"Trim Paths 1","mn":"ADBE Vector Filter - Trim","hd":false}],"ip":0,"op":480,"st":0,"bm":0},{"ddd":0,"ind":12,"ty":4,"nm":"outer two","sr":1,"ks":{"o":{"a":0,"k":100,"ix":11},"r":{"a":1,"k":[{"i":{"x":[0.495],"y":[1.002]},"o":{"x":[0.551],"y":[0.006]},"t":313,"s":[0]},{"t":361,"s":[249]}],"ix":10},"p":{"a":0,"k":[193,40,0],"ix":2,"l":2},"a":{"a":0,"k":[0,0,0],"ix":1,"l":2},"s":{"a":0,"k":[100,100,100],"ix":6,"l":2}},"ao":0,"shapes":[{"ty":"gr","it":[{"d":1,"ty":"el","s":{"a":0,"k":[30,30],"ix":2},"p":{"a":0,"k":[0,0],"ix":3},"nm":"Ellipse Path 1","mn":"ADBE Vector Shape - Ellipse","hd":false},{"ty":"st","c":{"a":1,"k":[{"i":{"x":[0.667],"y":[1]},"o":{"x":[0.333],"y":[0]},"t":309,"s":[0.647058844566,0.647058844566,0.647058844566,1]},{"i":{"x":[0.667],"y":[1]},"o":{"x":[0.333],"y":[0]},"t":319,"s":[1,0.498039215803,0.313725501299,1]},{"i":{"x":[0.667],"y":[1]},"o":{"x":[0.333],"y":[0]},"t":367,"s":[1,0.498039215803,0.313725501299,1]},{"t":375,"s":[0,0.647058844566,0.345098048449,1]}],"ix":3},"o":{"a":0,"k":100,"ix":4},"w":{"a":0,"k":1,"ix":5},"lc":1,"lj":1,"ml":4,"bm":0,"nm":"Stroke 1","mn":"ADBE Vector Graphic - Stroke","hd":false},{"ty":"op","nm":"Offset Paths 1","a":{"a":0,"k":-0.5,"ix":1},"lj":1,"ml":{"a":0,"k":4,"ix":3},"ix":3,"mn":"ADBE Vector Filter - Offset","hd":false},{"ty":"tr","p":{"a":0,"k":[0,0],"ix":2},"a":{"a":0,"k":[0,0],"ix":1},"s":{"a":0,"k":[100,100],"ix":3},"r":{"a":0,"k":0,"ix":6},"o":{"a":0,"k":100,"ix":7},"sk":{"a":0,"k":0,"ix":4},"sa":{"a":0,"k":0,"ix":5},"nm":"Transform"}],"nm":"outer two Stroke","np":3,"cix":2,"bm":0,"ix":1,"mn":"ADBE Vector Group","hd":false},{"ty":"gr","it":[{"d":1,"ty":"el","s":{"a":0,"k":[30,30],"ix":2},"p":{"a":0,"k":[0,0],"ix":3},"nm":"Ellipse Path 1","mn":"ADBE Vector Shape - Ellipse","hd":false},{"ty":"tr","p":{"a":0,"k":[0,0],"ix":2},"a":{"a":0,"k":[0,0],"ix":1},"s":{"a":0,"k":[100,100],"ix":3},"r":{"a":0,"k":0,"ix":6},"o":{"a":0,"k":100,"ix":7},"sk":{"a":0,"k":0,"ix":4},"sa":{"a":0,"k":0,"ix":5},"nm":"Transform"}],"nm":"outer two Fill","np":2,"cix":2,"bm":0,"ix":2,"mn":"ADBE Vector Group","hd":false},{"ty":"tm","s":{"a":1,"k":[{"i":{"x":[0.667],"y":[1]},"o":{"x":[0.333],"y":[0]},"t":325,"s":[0]},{"i":{"x":[0.667],"y":[1]},"o":{"x":[0.333],"y":[0]},"t":334,"s":[79]},{"i":{"x":[0.833],"y":[1]},"o":{"x":[0.333],"y":[0]},"t":361,"s":[79]},{"t":373,"s":[0]}],"ix":1},"e":{"a":0,"k":99,"ix":2},"o":{"a":0,"k":0,"ix":3},"m":1,"ix":3,"nm":"Trim Paths 1","mn":"ADBE Vector Filter - Trim","hd":false}],"ip":0,"op":480,"st":0,"bm":0},{"ddd":0,"ind":13,"ty":4,"nm":"outer one","sr":1,"ks":{"o":{"a":0,"k":100,"ix":11},"r":{"a":1,"k":[{"i":{"x":[0.667],"y":[1]},"o":{"x":[0.333],"y":[0]},"t":0,"s":[64]},{"t":209,"s":[2016]}],"ix":10},"p":{"a":0,"k":[46,40,0],"ix":2,"l":2},"a":{"a":0,"k":[0,0,0],"ix":1,"l":2},"s":{"a":0,"k":[100,100,100],"ix":6,"l":2}},"ao":0,"shapes":[{"ty":"gr","it":[{"d":1,"ty":"el","s":{"a":0,"k":[30,30],"ix":2},"p":{"a":0,"k":[0,0],"ix":3},"nm":"Ellipse Path 1","mn":"ADBE Vector Shape - Ellipse","hd":false},{"ty":"st","c":{"a":1,"k":[{"i":{"x":[0.667],"y":[1]},"o":{"x":[0.333],"y":[0]},"t":226,"s":[1,0.498039215686,0.313725490196,1]},{"t":239,"s":[0,0.647058844566,0.345098048449,1]}],"ix":3},"o":{"a":0,"k":100,"ix":4},"w":{"a":0,"k":1,"ix":5},"lc":1,"lj":1,"ml":4,"bm":0,"nm":"Stroke 1","mn":"ADBE Vector Graphic - Stroke","hd":false},{"ty":"op","nm":"Offset Paths 1","a":{"a":0,"k":-0.5,"ix":1},"lj":1,"ml":{"a":0,"k":4,"ix":3},"ix":3,"mn":"ADBE Vector Filter - Offset","hd":false},{"ty":"tr","p":{"a":0,"k":[0,0],"ix":2},"a":{"a":0,"k":[0,0],"ix":1},"s":{"a":0,"k":[100,100],"ix":3},"r":{"a":0,"k":0,"ix":6},"o":{"a":0,"k":100,"ix":7},"sk":{"a":0,"k":0,"ix":4},"sa":{"a":0,"k":0,"ix":5},"nm":"Transform"}],"nm":"outer one Stroke","np":3,"cix":2,"bm":0,"ix":1,"mn":"ADBE Vector Group","hd":false},{"ty":"gr","it":[{"d":1,"ty":"el","s":{"a":0,"k":[30,30],"ix":2},"p":{"a":0,"k":[0,0],"ix":3},"nm":"Ellipse Path 1","mn":"ADBE Vector Shape - Ellipse","hd":false},{"ty":"tr","p":{"a":0,"k":[0,0],"ix":2},"a":{"a":0,"k":[0,0],"ix":1},"s":{"a":0,"k":[100,100],"ix":3},"r":{"a":0,"k":0,"ix":6},"o":{"a":0,"k":100,"ix":7},"sk":{"a":0,"k":0,"ix":4},"sa":{"a":0,"k":0,"ix":5},"nm":"Transform"}],"nm":"outer one Fill","np":2,"cix":2,"bm":0,"ix":2,"mn":"ADBE Vector Group","hd":false},{"ty":"tm","s":{"a":1,"k":[{"i":{"x":[0.667],"y":[1]},"o":{"x":[0.333],"y":[0]},"t":211,"s":[11]},{"t":240,"s":[0]}],"ix":1},"e":{"a":1,"k":[{"i":{"x":[0.667],"y":[1]},"o":{"x":[0.333],"y":[0]},"t":211,"s":[38]},{"t":240,"s":[100]}],"ix":2},"o":{"a":0,"k":0,"ix":3},"m":1,"ix":3,"nm":"Trim Paths 1","mn":"ADBE Vector Filter - Trim","hd":false}],"ip":0,"op":480,"st":0,"bm":0},{"ddd":0,"ind":14,"ty":4,"nm":"Line one","sr":1,"ks":{"o":{"a":0,"k":100,"ix":11},"r":{"a":0,"k":-90,"ix":10},"p":{"a":0,"k":[119.5,39,0],"ix":2,"l":2},"a":{"a":0,"k":[0,0,0],"ix":1,"l":2},"s":{"a":0,"k":[100,100,100],"ix":6,"l":2}},"ao":0,"shapes":[{"ty":"gr","it":[{"ind":0,"ty":"sh","ix":1,"ks":{"a":0,"k":{"i":[[0,0],[0,0]],"o":[[0,0],[0,0]],"v":[[0,-42.5],[0,42.5]],"c":false},"ix":2},"nm":"Path 1","mn":"ADBE Vector Shape - Group","hd":false},{"ty":"st","c":{"a":0,"k":[0,0.647058844566,0.345098048449,1],"ix":3},"o":{"a":0,"k":100,"ix":4},"w":{"a":0,"k":1,"ix":5},"lc":2,"lj":1,"ml":4,"bm":0,"d":[{"n":"d","nm":"dash","v":{"a":0,"k":5,"ix":1}},{"n":"g","nm":"gap","v":{"a":0,"k":6,"ix":2}}],"nm":"Stroke 1","mn":"ADBE Vector Graphic - Stroke","hd":false},{"ty":"tr","p":{"a":0,"k":[0,0],"ix":2},"a":{"a":0,"k":[0,0],"ix":1},"s":{"a":0,"k":[100,100],"ix":3},"r":{"a":0,"k":0,"ix":6},"o":{"a":0,"k":100,"ix":7},"sk":{"a":0,"k":0,"ix":4},"sa":{"a":0,"k":0,"ix":5},"nm":"Transform"}],"nm":"Line ","np":2,"cix":2,"bm":0,"ix":1,"mn":"ADBE Vector Group","hd":false},{"ty":"tm","s":{"a":0,"k":0,"ix":1},"e":{"a":1,"k":[{"i":{"x":[0.401],"y":[0.994]},"o":{"x":[0.658],"y":[-0.001]},"t":270,"s":[0]},{"t":299,"s":[100]}],"ix":2},"o":{"a":0,"k":0,"ix":3},"m":1,"ix":2,"nm":"Trim Paths 1","mn":"ADBE Vector Filter - Trim","hd":false}],"ip":0,"op":480,"st":0,"bm":0},{"ddd":0,"ind":15,"ty":4,"nm":"Ellipse two","sr":1,"ks":{"o":{"a":0,"k":17.487,"ix":11},"r":{"a":0,"k":0,"ix":10},"p":{"a":0,"k":[193,40,0],"ix":2,"l":2},"a":{"a":0,"k":[0,0,0],"ix":1,"l":2},"s":{"a":0,"k":[100,100,100],"ix":6,"l":2}},"ao":0,"shapes":[{"ty":"gr","it":[{"d":1,"ty":"el","s":{"a":0,"k":[30,30],"ix":2},"p":{"a":0,"k":[0,0],"ix":3},"nm":"Ellipse Path 1","mn":"ADBE Vector Shape - Ellipse","hd":false},{"ty":"op","nm":"Offset Paths 1","a":{"a":0,"k":-0.5,"ix":1},"lj":1,"ml":{"a":0,"k":4,"ix":3},"ix":3,"mn":"ADBE Vector Filter - Offset","hd":false},{"ty":"tr","p":{"a":0,"k":[0,0],"ix":2},"a":{"a":0,"k":[0,0],"ix":1},"s":{"a":0,"k":[100,100],"ix":3},"r":{"a":0,"k":0,"ix":6},"o":{"a":0,"k":100,"ix":7},"sk":{"a":0,"k":0,"ix":4},"sa":{"a":0,"k":0,"ix":5},"nm":"Transform"}],"nm":"Ellipse two Stroke","np":3,"cix":2,"bm":0,"ix":1,"mn":"ADBE Vector Group","hd":false},{"ty":"gr","it":[{"d":1,"ty":"el","s":{"a":0,"k":[30,30],"ix":2},"p":{"a":0,"k":[0,0],"ix":3},"nm":"Ellipse Path 1","mn":"ADBE Vector Shape - Ellipse","hd":false},{"ty":"fl","c":{"a":1,"k":[{"i":{"x":[0.667],"y":[1]},"o":{"x":[0.333],"y":[0]},"t":309,"s":[0.588235294118,0.588235294118,0.588235294118,1]},{"i":{"x":[0.667],"y":[1]},"o":{"x":[0.333],"y":[0]},"t":319,"s":[1,0.498039215803,0.313725501299,1]},{"i":{"x":[0.667],"y":[1]},"o":{"x":[0.333],"y":[0]},"t":367,"s":[1,0.498039215803,0.313725501299,1]},{"t":375,"s":[0.678431391716,0.745098054409,0.686274528503,1]}],"ix":4},"o":{"a":0,"k":100,"ix":5},"r":1,"bm":0,"nm":"Fill 1","mn":"ADBE Vector Graphic - Fill","hd":false},{"ty":"tr","p":{"a":0,"k":[0,0],"ix":2},"a":{"a":0,"k":[0,0],"ix":1},"s":{"a":0,"k":[100,100],"ix":3},"r":{"a":0,"k":0,"ix":6},"o":{"a":0,"k":100,"ix":7},"sk":{"a":0,"k":0,"ix":4},"sa":{"a":0,"k":0,"ix":5},"nm":"Transform"}],"nm":"Ellipse two Fill","np":2,"cix":2,"bm":0,"ix":2,"mn":"ADBE Vector Group","hd":false}],"ip":0,"op":480,"st":0,"bm":0},{"ddd":0,"ind":16,"ty":4,"nm":"Ellipse one","sr":1,"ks":{"o":{"a":0,"k":16.97,"ix":11},"r":{"a":0,"k":0,"ix":10},"p":{"a":0,"k":[46,40,0],"ix":2,"l":2},"a":{"a":0,"k":[0,0,0],"ix":1,"l":2},"s":{"a":0,"k":[100,100,100],"ix":6,"l":2}},"ao":0,"shapes":[{"ty":"gr","it":[{"d":1,"ty":"el","s":{"a":0,"k":[30,30],"ix":2},"p":{"a":0,"k":[0,0],"ix":3},"nm":"Ellipse Path 1","mn":"ADBE Vector Shape - Ellipse","hd":false},{"ty":"op","nm":"Offset Paths 1","a":{"a":0,"k":-0.5,"ix":1},"lj":1,"ml":{"a":0,"k":4,"ix":3},"ix":3,"mn":"ADBE Vector Filter - Offset","hd":false},{"ty":"tr","p":{"a":0,"k":[0,0],"ix":2},"a":{"a":0,"k":[0,0],"ix":1},"s":{"a":0,"k":[100,100],"ix":3},"r":{"a":0,"k":0,"ix":6},"o":{"a":0,"k":100,"ix":7},"sk":{"a":0,"k":0,"ix":4},"sa":{"a":0,"k":0,"ix":5},"nm":"Transform"}],"nm":"Ellipse one Stroke","np":3,"cix":2,"bm":0,"ix":1,"mn":"ADBE Vector Group","hd":false},{"ty":"gr","it":[{"d":1,"ty":"el","s":{"a":0,"k":[30,30],"ix":2},"p":{"a":0,"k":[0,0],"ix":3},"nm":"Ellipse Path 1","mn":"ADBE Vector Shape - Ellipse","hd":false},{"ty":"fl","c":{"a":1,"k":[{"i":{"x":[0.667],"y":[1]},"o":{"x":[0.333],"y":[0]},"t":233,"s":[1,0.498039215686,0.313725490196,1]},{"t":240,"s":[0,0.647058844566,0.345098048449,1]}],"ix":4},"o":{"a":0,"k":100,"ix":5},"r":1,"bm":0,"nm":"Fill 1","mn":"ADBE Vector Graphic - Fill","hd":false},{"ty":"tr","p":{"a":0,"k":[0,0],"ix":2},"a":{"a":0,"k":[0,0],"ix":1},"s":{"a":0,"k":[100,100],"ix":3},"r":{"a":0,"k":0,"ix":6},"o":{"a":0,"k":100,"ix":7},"sk":{"a":0,"k":0,"ix":4},"sa":{"a":0,"k":0,"ix":5},"nm":"Transform"}],"nm":"Ellipse one Fill","np":2,"cix":2,"bm":0,"ix":2,"mn":"ADBE Vector Group","hd":false}],"ip":0,"op":480,"st":0,"bm":0},{"ddd":0,"ind":17,"ty":4,"nm":"Ellipse three","sr":1,"ks":{"o":{"a":0,"k":17.487,"ix":11},"r":{"a":0,"k":0,"ix":10},"p":{"a":0,"k":[344,40.5,0],"ix":2,"l":2},"a":{"a":0,"k":[0,0,0],"ix":1,"l":2},"s":{"a":0,"k":[100,100,100],"ix":6,"l":2}},"ao":0,"shapes":[{"ty":"gr","it":[{"d":1,"ty":"el","s":{"a":0,"k":[30,30],"ix":2},"p":{"a":0,"k":[0,0],"ix":3},"nm":"Ellipse Path 1","mn":"ADBE Vector Shape - Ellipse","hd":false},{"ty":"op","nm":"Offset Paths 1","a":{"a":0,"k":-0.5,"ix":1},"lj":1,"ml":{"a":0,"k":4,"ix":3},"ix":3,"mn":"ADBE Vector Filter - Offset","hd":false},{"ty":"tr","p":{"a":0,"k":[0,0],"ix":2},"a":{"a":0,"k":[0,0],"ix":1},"s":{"a":0,"k":[100,100],"ix":3},"r":{"a":0,"k":0,"ix":6},"o":{"a":0,"k":100,"ix":7},"sk":{"a":0,"k":0,"ix":4},"sa":{"a":0,"k":0,"ix":5},"nm":"Transform"}],"nm":"Ellipse two Stroke","np":3,"cix":2,"bm":0,"ix":1,"mn":"ADBE Vector Group","hd":false},{"ty":"gr","it":[{"d":1,"ty":"el","s":{"a":0,"k":[30,30],"ix":2},"p":{"a":0,"k":[0,0],"ix":3},"nm":"Ellipse Path 1","mn":"ADBE Vector Shape - Ellipse","hd":false},{"ty":"fl","c":{"a":1,"k":[{"i":{"x":[0.833],"y":[0.833]},"o":{"x":[0.167],"y":[0.167]},"t":410,"s":[0.588235294118,0.588235294118,0.588235294118,1]},{"t":424,"s":[1,0.498039215803,0.313725501299,1]}],"ix":4},"o":{"a":0,"k":100,"ix":5},"r":1,"bm":0,"nm":"Fill 1","mn":"ADBE Vector Graphic - Fill","hd":false},{"ty":"tr","p":{"a":0,"k":[0,0],"ix":2},"a":{"a":0,"k":[0,0],"ix":1},"s":{"a":0,"k":[100,100],"ix":3},"r":{"a":0,"k":0,"ix":6},"o":{"a":0,"k":100,"ix":7},"sk":{"a":0,"k":0,"ix":4},"sa":{"a":0,"k":0,"ix":5},"nm":"Transform"}],"nm":"Ellipse two Fill","np":2,"cix":2,"bm":0,"ix":2,"mn":"ADBE Vector Group","hd":false}],"ip":0,"op":480,"st":0,"bm":0}],"markers":[],"chars":[{"ch":"1","size":15,"style":"Bold","w":37.6,"data":{"shapes":[{"ty":"gr","it":[{"ind":0,"ty":"sh","ix":1,"ks":{"a":0,"k":{"i":[[0,0],[0,0],[0,0],[0,0],[0,0],[0,0]],"o":[[0,0],[0,0],[0,0],[0,0],[0,0],[0,0]],"v":[[12.689,0],[30.615,0],[30.615,-73.517],[2.719,-73.517],[2.719,-57.504],[12.689,-57.504]],"c":true},"ix":2},"nm":"1","mn":"ADBE Vector Shape - Group","hd":false}],"nm":"1","np":3,"cix":2,"bm":0,"ix":1,"mn":"ADBE Vector Group","hd":false}]},"fFamily":"Poppins"},{"ch":"2","size":15,"style":"Bold","w":57.1,"data":{"shapes":[{"ty":"gr","it":[{"ind":0,"ty":"sh","ix":1,"ks":{"a":0,"k":{"i":[[0,0],[0,0],[0,0],[0,0],[0,16.113],[16.718,0],[0.504,-17.825],[0,0],[-5.136,0],[0,-5.338],[15.61,-12.891]],"o":[[0,0],[0,0],[0,0],[11.682,-8.963],[0,-12.387],[-13.394,0],[0,0],[0,-6.949],[5.237,0],[0,12.387],[0,0]],"v":[[3.928,-1.007],[54.483,-1.007],[54.483,-15.005],[27.292,-15.005],[53.375,-52.972],[29.205,-75.128],[3.726,-49.649],[20.343,-49.649],[28.5,-60.626],[36.154,-51.865],[3.928,-13.797]],"c":true},"ix":2},"nm":"2","mn":"ADBE Vector Shape - Group","hd":false}],"nm":"2","np":3,"cix":2,"bm":0,"ix":1,"mn":"ADBE Vector Group","hd":false}]},"fFamily":"Poppins"},{"ch":"3","size":15,"style":"Bold","w":60.5,"data":{"shapes":[{"ty":"gr","it":[{"ind":0,"ty":"sh","ix":1,"ks":{"a":0,"k":{"i":[[0.604,-14.502],[0,0],[-5.539,0],[0,-4.935],[5.841,0],[0,0],[0,0],[0,0],[0,-6.546],[5.338,0],[0.101,5.74],[0,0],[-15.308,0],[0,12.387],[7.352,2.417],[0,0],[0,9.668],[15.509,0]],"o":[[0,0],[0.302,-4.028],[4.633,0],[0,6.647],[0,0],[0,0],[0,0],[8.963,0],[0,4.834],[-6.345,0],[0,0],[0.504,16.617],[15.408,0],[0,-9.668],[0,0],[5.035,-1.712],[0,-11.078],[-15.005,0]],"v":[[5.136,-52.771],[21.954,-52.771],[29.81,-60.828],[37.363,-53.174],[25.882,-45.117],[22.659,-45.117],[22.659,-31.119],[25.882,-31.119],[38.773,-21.954],[30.515,-13.696],[20.947,-23.264],[4.23,-23.264],[31.119,0.604],[55.389,-20.645],[43.002,-38.37],[43.002,-38.773],[54.08,-55.289],[30.212,-75.229]],"c":true},"ix":2},"nm":"3","mn":"ADBE Vector Shape - Group","hd":false}],"nm":"3","np":3,"cix":2,"bm":0,"ix":1,"mn":"ADBE Vector Group","hd":false}]},"fFamily":"Poppins"},{"ch":"D","size":8,"style":"Light","w":70.6,"data":{"shapes":[{"ty":"gr","it":[{"ind":0,"ty":"sh","ix":1,"ks":{"a":0,"k":{"i":[[23.465,0],[0,0],[0,0],[0,0],[0,21.854]],"o":[[0,0],[0,0],[0,0],[23.465,0],[0,-22.055]],"v":[[28.903,-70.395],[8.057,-70.395],[8.057,0],[28.903,0],[66.165,-35.046]],"c":true},"ix":2},"nm":"D","mn":"ADBE Vector Shape - Group","hd":false},{"ind":1,"ty":"sh","ix":2,"ks":{"a":0,"k":{"i":[[0,0],[0,0],[0,0],[0,-18.228],[19.94,0]],"o":[[0,0],[0,0],[19.94,0],[0,18.127],[0,0]],"v":[[15.106,-5.841],[15.106,-64.554],[28.903,-64.554],[59.015,-35.046],[28.903,-5.841]],"c":true},"ix":2},"nm":"D","mn":"ADBE Vector Shape - Group","hd":false}],"nm":"D","np":5,"cix":2,"bm":0,"ix":1,"mn":"ADBE Vector Group","hd":false}]},"fFamily":"Poppins"},{"ch":"o","size":8,"style":"Light","w":64.2,"data":{"shapes":[{"ty":"gr","it":[{"ind":0,"ty":"sh","ix":1,"ks":{"a":0,"k":{"i":[[0,17.422],[15.509,0],[0,-17.523],[-15.509,0]],"o":[[0,-17.523],[-15.408,0],[0,17.422],[15.509,0]],"v":[[59.821,-27.493],[32.327,-55.792],[4.834,-27.493],[32.126,0.806]],"c":true},"ix":2},"nm":"o","mn":"ADBE Vector Shape - Group","hd":false},{"ind":1,"ty":"sh","ix":2,"ks":{"a":0,"k":{"i":[[0,15.106],[-10.474,0],[0,-15.106],[10.373,0]],"o":[[0,-15.106],[10.474,0],[0,15.106],[-10.474,0]],"v":[[11.984,-27.493],[32.227,-49.649],[52.57,-27.493],[32.126,-5.338]],"c":true},"ix":2},"nm":"o","mn":"ADBE Vector Shape - Group","hd":false}],"nm":"o","np":5,"cix":2,"bm":0,"ix":1,"mn":"ADBE Vector Group","hd":false}]},"fFamily":"Poppins"},{"ch":"c","size":8,"style":"Light","w":61.3,"data":{"shapes":[{"ty":"gr","it":[{"ind":0,"ty":"sh","ix":1,"ks":{"a":0,"k":{"i":[[0,-17.422],[-15.509,0],[-2.518,10.977],[0,0],[9.265,0],[0,14.905],[-10.776,0],[-1.813,-7.855],[0,0],[13.797,0]],"o":[[0,17.422],[13.797,0],[0,0],[-1.913,8.057],[-10.776,0],[0,-14.905],[9.265,0],[0,0],[-2.518,-11.38],[-15.509,0]],"v":[[4.834,-27.493],[31.522,0.806],[56.799,-17.926],[49.246,-17.926],[31.522,-5.136],[11.984,-27.493],[31.522,-49.75],[49.246,-37.061],[56.799,-37.061],[31.522,-55.792]],"c":true},"ix":2},"nm":"c","mn":"ADBE Vector Shape - Group","hd":false}],"nm":"c","np":3,"cix":2,"bm":0,"ix":1,"mn":"ADBE Vector Group","hd":false}]},"fFamily":"Poppins"},{"ch":"u","size":8,"style":"Light","w":63.3,"data":{"shapes":[{"ty":"gr","it":[{"ind":0,"ty":"sh","ix":1,"ks":{"a":0,"k":{"i":[[0,0],[0,0],[0,0],[10.272,0],[0,12.186],[0,0],[0,0],[0,0],[-12.488,0],[-3.323,6.949],[0,0],[0,0]],"o":[[0,0],[0,0],[0,13.394],[-10.071,0],[0,0],[0,0],[0,0],[0,16.113],[8.157,0],[0,0],[0,0],[0,0]],"v":[[55.692,-54.987],[48.642,-54.987],[48.642,-25.076],[31.219,-5.237],[14.502,-23.666],[14.502,-54.987],[7.553,-54.987],[7.553,-22.861],[29.91,0.906],[48.642,-9.668],[48.642,0],[55.692,0]],"c":true},"ix":2},"nm":"u","mn":"ADBE Vector Shape - Group","hd":false}],"nm":"u","np":3,"cix":2,"bm":0,"ix":1,"mn":"ADBE Vector Group","hd":false}]},"fFamily":"Poppins"},{"ch":"m","size":8,"style":"Light","w":102.2,"data":{"shapes":[{"ty":"gr","it":[{"ind":0,"ty":"sh","ix":1,"ks":{"a":0,"k":{"i":[[0,0],[0,0],[0,0],[12.186,0],[3.021,-8.963],[9.164,0],[3.525,-6.949],[0,0],[0,0],[0,0],[0,0],[0,0],[-10.071,0],[0,-12.186],[0,0],[0,0],[0,0],[-9.97,0],[0,-12.186]],"o":[[0,0],[0,0],[0,-16.113],[-8.762,0],[-3.323,-9.164],[-7.755,0],[0,0],[0,0],[0,0],[0,0],[0,0],[0,-13.394],[9.769,0],[0,0],[0,0],[0,0],[0,-13.394],[9.769,0],[0,0]],"v":[[88.422,0],[95.37,0],[95.37,-32.227],[73.517,-55.994],[53.677,-42.499],[33.334,-55.994],[15.106,-45.52],[15.106,-54.987],[8.057,-54.987],[8.057,0],[15.106,0],[15.106,-29.81],[32.126,-49.85],[48.34,-31.421],[48.34,0],[55.289,0],[55.289,-29.81],[72.308,-49.85],[88.422,-31.421]],"c":true},"ix":2},"nm":"m","mn":"ADBE Vector Shape - Group","hd":false}],"nm":"m","np":3,"cix":2,"bm":0,"ix":1,"mn":"ADBE Vector Group","hd":false}]},"fFamily":"Poppins"},{"ch":"e","size":8,"style":"Light","w":62.2,"data":{"shapes":[{"ty":"gr","it":[{"ind":0,"ty":"sh","ix":1,"ks":{"a":0,"k":{"i":[[-9.97,0],[0.302,-12.79],[0,0]],"o":[[10.172,0],[0,0],[0.806,-12.79]],"v":[[31.522,-49.75],[50.656,-30.515],[11.984,-30.515]],"c":true},"ix":2},"nm":"e","mn":"ADBE Vector Shape - Group","hd":false},{"ind":1,"ty":"sh","ix":2,"ks":{"a":0,"k":{"i":[[-2.518,10.373],[0,0],[9.366,0],[0.604,12.891],[0,0],[0,2.216],[16.113,0],[0,-17.523],[-15.61,0]],"o":[[0,0],[-2.014,7.352],[-10.272,0],[0,0],[0.201,-1.913],[0,-13.998],[-15.811,0],[0,17.422],[13.797,0]],"v":[[57.001,-17.422],[49.548,-17.422],[31.824,-5.136],[11.984,-24.774],[57.605,-24.774],[57.806,-30.313],[31.824,-55.792],[4.834,-27.493],[31.824,0.806]],"c":true},"ix":2},"nm":"e","mn":"ADBE Vector Shape - Group","hd":false}],"nm":"e","np":5,"cix":2,"bm":0,"ix":1,"mn":"ADBE Vector Group","hd":false}]},"fFamily":"Poppins"},{"ch":"n","size":8,"style":"Light","w":63.3,"data":{"shapes":[{"ty":"gr","it":[{"ind":0,"ty":"sh","ix":1,"ks":{"a":0,"k":{"i":[[0,0],[0,0],[0,0],[12.488,0],[3.525,-6.848],[0,0],[0,0],[0,0],[0,0],[0,0],[-10.272,0],[0,-12.186]],"o":[[0,0],[0,0],[0,-16.113],[-8.157,0],[0,0],[0,0],[0,0],[0,0],[0,0],[0,-13.394],[10.071,0],[0,0]],"v":[[49.246,0],[56.195,0],[56.195,-32.227],[33.838,-55.994],[15.106,-45.621],[15.106,-54.987],[8.057,-54.987],[8.057,0],[15.106,0],[15.106,-30.011],[32.529,-49.85],[49.246,-31.421]],"c":true},"ix":2},"nm":"n","mn":"ADBE Vector Shape - Group","hd":false}],"nm":"n","np":3,"cix":2,"bm":0,"ix":1,"mn":"ADBE Vector Group","hd":false}]},"fFamily":"Poppins"},{"ch":"t","size":8,"style":"Light","w":35.6,"data":{"shapes":[{"ty":"gr","it":[{"ind":0,"ty":"sh","ix":1,"ks":{"a":0,"k":{"i":[[0,0],[-9.567,0],[0,0],[0,0],[0,0],[0,6.747],[0,0],[0,0],[0,0],[0,0],[0,0],[0,0],[0,0],[0,0],[0,0],[0,0]],"o":[[0,10.977],[0,0],[0,0],[0,0],[-6.345,0],[0,0],[0,0],[0,0],[0,0],[0,0],[0,0],[0,0],[0,0],[0,0],[0,0],[0,0]],"v":[[10.071,-14.905],[24.774,0],[32.327,0],[32.327,-6.042],[25.882,-6.042],[17.221,-14.905],[17.221,-49.045],[32.327,-49.045],[32.327,-54.987],[17.221,-54.987],[17.221,-68.784],[10.071,-68.784],[10.071,-54.987],[2.417,-54.987],[2.417,-49.045],[10.071,-49.045]],"c":true},"ix":2},"nm":"t","mn":"ADBE Vector Shape - Group","hd":false}],"nm":"t","np":3,"cix":2,"bm":0,"ix":1,"mn":"ADBE Vector Group","hd":false}]},"fFamily":"Poppins"},{"ch":"\r","size":8,"style":"Light","w":0,"fFamily":"Poppins"},{"ch":"S","size":8,"style":"Light","w":57.2,"data":{"shapes":[{"ty":"gr","it":[{"ind":0,"ty":"sh","ix":1,"ks":{"a":0,"k":{"i":[[0,9.567],[0,20.343],[-8.258,-0.101],[-0.806,-4.935],[0,0],[13.394,0],[0,-10.876],[0,-20.746],[9.769,0],[0.604,5.841],[0,0],[-14.099,0]],"o":[[0,-26.184],[0,-8.157],[9.769,0.101],[0,0],[-1.208,-9.668],[-13.596,0],[0,26.486],[0,7.251],[-11.38,0],[0,0],[0.403,10.776],[14.905,0]],"v":[[52.066,-18.53],[13.394,-52.57],[28.5,-65.158],[43.808,-54.08],[51.462,-54.08],[28.802,-71.201],[6.244,-52.368],[44.916,-18.228],[29.407,-5.237],[13.092,-18.127],[5.64,-18.127],[29.407,0.705]],"c":true},"ix":2},"nm":"S","mn":"ADBE Vector Shape - Group","hd":false}],"nm":"S","np":3,"cix":2,"bm":0,"ix":1,"mn":"ADBE Vector Group","hd":false}]},"fFamily":"Poppins"},{"ch":"a","size":8,"style":"Light","w":67.5,"data":{"shapes":[{"ty":"gr","it":[{"ind":0,"ty":"sh","ix":1,"ks":{"a":0,"k":{"i":[[0,-17.221],[-15.005,0],[-3.223,7.05],[0,0],[0,0],[0,0],[0,0],[0,0],[11.078,0]],"o":[[0,17.221],[10.977,0],[0,0],[0,0],[0,0],[0,0],[0,0],[-3.122,-6.949],[-15.106,0]],"v":[[4.834,-27.594],[31.018,0.806],[52.872,-12.186],[52.872,0],[59.921,0],[59.921,-54.987],[52.872,-54.987],[52.872,-42.902],[31.119,-55.792]],"c":true},"ix":2},"nm":"a","mn":"ADBE Vector Shape - Group","hd":false},{"ind":1,"ty":"sh","ix":2,"ks":{"a":0,"k":{"i":[[0,-13.696],[11.279,0],[0,13.898],[-11.581,0]],"o":[[0,13.696],[-11.581,0],[0,-13.998],[11.279,0]],"v":[[52.872,-27.493],[32.428,-5.338],[11.984,-27.594],[32.428,-49.649]],"c":true},"ix":2},"nm":"a","mn":"ADBE Vector Shape - Group","hd":false}],"nm":"a","np":5,"cix":2,"bm":0,"ix":1,"mn":"ADBE Vector Group","hd":false}]},"fFamily":"Poppins"},{"ch":"i","size":8,"style":"Light","w":22.9,"data":{"shapes":[{"ty":"gr","it":[{"ind":0,"ty":"sh","ix":1,"ks":{"a":0,"k":{"i":[[0,0],[0,0],[0,0],[0,0]],"o":[[0,0],[0,0],[0,0],[0,0]],"v":[[8.057,0],[15.106,0],[15.106,-54.987],[8.057,-54.987]],"c":true},"ix":2},"nm":"i","mn":"ADBE Vector Shape - Group","hd":false},{"ind":1,"ty":"sh","ix":2,"ks":{"a":0,"k":{"i":[[-2.82,0],[0,3.021],[2.82,0],[0,-3.021]],"o":[[2.82,0],[0,-3.021],[-2.82,0],[0,3.021]],"v":[[11.581,-65.359],[16.718,-70.596],[11.581,-75.732],[6.445,-70.596]],"c":true},"ix":2},"nm":"i","mn":"ADBE Vector Shape - Group","hd":false}],"nm":"i","np":5,"cix":2,"bm":0,"ix":1,"mn":"ADBE Vector Group","hd":false}]},"fFamily":"Poppins"},{"ch":"g","size":8,"style":"Light","w":67.5,"data":{"shapes":[{"ty":"gr","it":[{"ind":0,"ty":"sh","ix":1,"ks":{"a":0,"k":{"i":[[0,-17.221],[-15.106,0],[-3.223,7.05],[0,0],[10.474,0],[2.316,7.452],[0,0],[-14.2,0],[0,15.408],[0,0],[0,0],[0,0],[10.876,0]],"o":[[0,17.221],[10.876,0],[0,0],[0,12.488],[-10.071,0],[0,0],[2.216,11.481],[15.106,0],[0,0],[0,0],[0,0],[-3.122,-6.949],[-15.106,0]],"v":[[4.834,-27.594],[31.119,0.806],[52.872,-12.186],[52.872,1.41],[34.241,20.847],[14.905,8.258],[7.956,8.258],[34.241,26.99],[59.921,1.41],[59.921,-54.987],[52.872,-54.987],[52.872,-43.002],[31.119,-55.792]],"c":true},"ix":2},"nm":"g","mn":"ADBE Vector Shape - Group","hd":false},{"ind":1,"ty":"sh","ix":2,"ks":{"a":0,"k":{"i":[[0,-13.696],[11.279,0],[0,13.898],[-11.581,0]],"o":[[0,13.696],[-11.581,0],[0,-13.998],[11.279,0]],"v":[[52.872,-27.493],[32.428,-5.338],[11.984,-27.594],[32.428,-49.649]],"c":true},"ix":2},"nm":"g","mn":"ADBE Vector Shape - Group","hd":false}],"nm":"g","np":5,"cix":2,"bm":0,"ix":1,"mn":"ADBE Vector Group","hd":false}]},"fFamily":"Poppins"},{"ch":"F","size":8,"style":"Light","w":49.3,"data":{"shapes":[{"ty":"gr","it":[{"ind":0,"ty":"sh","ix":1,"ks":{"a":0,"k":{"i":[[0,0],[0,0],[0,0],[0,0],[0,0],[0,0],[0,0],[0,0],[0,0],[0,0]],"o":[[0,0],[0,0],[0,0],[0,0],[0,0],[0,0],[0,0],[0,0],[0,0],[0,0]],"v":[[8.057,0],[15.106,0],[15.106,-32.428],[41.29,-32.428],[41.29,-38.269],[15.106,-38.269],[15.106,-64.554],[46.124,-64.554],[46.124,-70.395],[8.057,-70.395]],"c":true},"ix":2},"nm":"F","mn":"ADBE Vector Shape - Group","hd":false}],"nm":"F","np":3,"cix":2,"bm":0,"ix":1,"mn":"ADBE Vector Group","hd":false}]},"fFamily":"Poppins"},{"ch":"l","size":8,"style":"Light","w":22.9,"data":{"shapes":[{"ty":"gr","it":[{"ind":0,"ty":"sh","ix":1,"ks":{"a":0,"k":{"i":[[0,0],[0,0],[0,0],[0,0]],"o":[[0,0],[0,0],[0,0],[0,0]],"v":[[8.057,0],[15.106,0],[15.106,-74.524],[8.057,-74.524]],"c":true},"ix":2},"nm":"l","mn":"ADBE Vector Shape - Group","hd":false}],"nm":"l","np":3,"cix":2,"bm":0,"ix":1,"mn":"ADBE Vector Group","hd":false}]},"fFamily":"Poppins"},{"ch":"r","size":8,"style":"Light","w":36.2,"data":{"shapes":[{"ty":"gr","it":[{"ind":0,"ty":"sh","ix":1,"ks":{"a":0,"k":{"i":[[0,0],[-9.164,0],[0,0],[0,0],[3.021,-6.747],[0,0],[0,0],[0,0],[0,0]],"o":[[0,-13.797],[0,0],[0,0],[-9.467,0],[0,0],[0,0],[0,0],[0,0],[0,0]],"v":[[15.106,-30.716],[32.025,-48.642],[33.939,-48.642],[33.939,-55.994],[15.106,-45.218],[15.106,-54.987],[8.057,-54.987],[8.057,0],[15.106,0]],"c":true},"ix":2},"nm":"r","mn":"ADBE Vector Shape - Group","hd":false}],"nm":"r","np":3,"cix":2,"bm":0,"ix":1,"mn":"ADBE Vector Group","hd":false}]},"fFamily":"Poppins"},{"ch":"E","size":8,"style":"Light","w":50.3,"data":{"shapes":[{"ty":"gr","it":[{"ind":0,"ty":"sh","ix":1,"ks":{"a":0,"k":{"i":[[0,0],[0,0],[0,0],[0,0],[0,0],[0,0],[0,0],[0,0],[0,0],[0,0],[0,0],[0,0]],"o":[[0,0],[0,0],[0,0],[0,0],[0,0],[0,0],[0,0],[0,0],[0,0],[0,0],[0,0],[0,0]],"v":[[44.815,-70.496],[8.057,-70.496],[8.057,0],[44.815,0],[44.815,-5.841],[15.106,-5.841],[15.106,-32.529],[41.794,-32.529],[41.794,-38.37],[15.106,-38.37],[15.106,-64.655],[44.815,-64.655]],"c":true},"ix":2},"nm":"E","mn":"ADBE Vector Shape - Group","hd":false}],"nm":"E","np":3,"cix":2,"bm":0,"ix":1,"mn":"ADBE Vector Group","hd":false}]},"fFamily":"Poppins"},{"ch":"d","size":8,"style":"Light","w":67.5,"data":{"shapes":[{"ty":"gr","it":[{"ind":0,"ty":"sh","ix":1,"ks":{"a":0,"k":{"i":[[0,-17.221],[-15.106,0],[-3.223,7.251],[0,0],[0,0],[0,0],[0,0],[0,0],[9.869,0]],"o":[[0,17.221],[10.876,0],[0,0],[0,0],[0,0],[0,0],[0,0],[-3.525,-7.251],[-15.207,0]],"v":[[4.834,-27.594],[31.119,0.806],[52.872,-12.286],[52.872,0],[59.921,0],[59.921,-74.524],[52.872,-74.524],[52.872,-43.103],[31.219,-55.792]],"c":true},"ix":2},"nm":"d","mn":"ADBE Vector Shape - Group","hd":false},{"ind":1,"ty":"sh","ix":2,"ks":{"a":0,"k":{"i":[[0,-13.696],[11.279,0],[0,13.898],[-11.581,0]],"o":[[0,13.696],[-11.581,0],[0,-13.998],[11.279,0]],"v":[[52.872,-27.493],[32.428,-5.338],[11.984,-27.594],[32.428,-49.649]],"c":true},"ix":2},"nm":"d","mn":"ADBE Vector Shape - Group","hd":false}],"nm":"d","np":5,"cix":2,"bm":0,"ix":1,"mn":"ADBE Vector Group","hd":false}]},"fFamily":"Poppins"}]}